,Country,Year,Population density (people per sq. km of land area),Score,Rank,Logged GDP per capita,Social support,Healthy life expectancy,Freedom to make life choices,Generosity,Perceptions of corruption
0,Afghanistan,2015,52.7120715,3.575,153.0,7.5563,0.5144,49.6801,0.5384,0.1675,0.8119
1,Afghanistan,2016,54.19696106,3.36,154.0,0.3823,0.1104,0.1734,0.1643,0.3127,0.0711
2,Afghanistan,2017,55.59555035,3.794,141.0,0.401,0.582,0.181,0.106,0.312,0.061
3,Afghanistan,2018,56.93704929,3.632,145.0,0.332,0.537,0.255,0.085,0.191,0.036
4,Afghanistan,2019,58.26939466,3.203,154.0,0.35,0.517,0.361,0.0,0.158,0.025
5,Afghanistan,2020,59.62739485,2.566900015,153.0,7.4629,0.4704,52.59,0.3966,-0.0964,0.9337
18,Albania,2015,105.135146,4.959,95.0,9.2697,0.7246,68.1052,0.6553,-0.115,0.8642
19,Albania,2016,104.9671898,4.655,109.0,0.9553,0.5016,0.7301,0.3187,0.1684,0.053
20,Albania,2017,104.8706934,4.644,109.0,0.996,0.804,0.731,0.381,0.201,0.04
21,Albania,2018,104.6122628,4.586,112.0,0.916,0.817,0.79,0.419,0.149,0.032
22,Albania,2019,104.1675547,4.719,107.0,0.947,0.848,0.874,0.383,0.178,0.027
23,Albania,2020,103.5672628,4.882699966,105.0,9.4179,0.6711,68.7081,0.782,-0.0423,0.8963
24,Algeria,2015,16.68024357,5.605,68.0,9.4555,0.8392,61.0374,0.5874,-0.1969,0.6906
25,Algeria,2016,17.02594783,6.355,38.0,1.0527,0.8331,0.618,0.2101,0.0704,0.1616
26,Algeria,2017,17.37769724,5.872,53.0,1.092,1.146,0.618,0.233,0.069,0.146
27,Algeria,2018,17.73006175,5.295,84.0,0.979,1.154,0.687,0.077,0.055,0.135
28,Algeria,2019,18.07629545,5.211,88.0,1.002,1.16,0.785,0.086,0.073,0.114
29,Algeria,2020,18.41133986,5.005099773,100.0,9.538,0.8034,65.9052,0.4666,-0.1211,0.7355
42,Angola,2015,22.3665517,4.033,137.0,8.8991,0.7481,44.7468,0.4148,-0.1395,0.853
43,Angola,2016,23.13506216,3.866,141.0,0.8473,0.6637,0.0499,0.0059,0.1207,0.0843
44,Angola,2017,23.9165549,3.795,140.0,0.858,1.104,0.05,0.0,0.098,0.07
45,Angola,2018,24.71307211,3.795,142.0,0.73,1.125,0.269,0.0,0.079,0.061
60,Argentina,2015,15.76063274,6.574,30.0,9.8057,0.9107,67.1648,0.743,-0.1508,0.8314
61,Argentina,2016,15.92813508,6.65,26.0,1.1514,1.0661,0.6971,0.4228,0.1099,0.073
62,Argentina,2017,16.09419079,6.599,24.0,1.185,1.44,0.695,0.495,0.109,0.06
63,Argentina,2018,16.2585101,6.388,29.0,1.073,1.468,0.744,0.57,0.062,0.054
64,Argentina,2019,16.42082662,6.086,47.0,1.092,1.432,0.881,0.471,0.066,0.05
65,Argentina,2020,16.58089261,5.974699974,55.0,9.811,0.9006,68.8038,0.8311,-0.1949,0.842
66,Armenia,2015,102.7593607,4.35,127.0,8.931,0.7132,65.0931,0.5046,-0.1965,0.9039
67,Armenia,2016,103.131261,4.36,121.0,0.8609,0.6248,0.6408,0.1404,0.0779,0.0362
68,Armenia,2017,103.4348086,4.376,121.0,0.901,1.007,0.638,0.198,0.083,0.027
69,Armenia,2018,103.6789954,4.321,129.0,0.816,0.99,0.666,0.26,0.077,0.028
70,Armenia,2019,103.889287,4.559,116.0,0.85,1.055,0.815,0.283,0.095,0.064
71,Armenia,2020,104.0826835,4.676799774,116.0,9.1005,0.7575,66.7507,0.712,-0.1388,0.7735
78,Australia,2015,3.100112596,7.284,10.0,10.6644,0.9363,72.38,0.9341,0.257,0.4017
79,Australia,2016,3.144935531,7.313,9.0,1.4444,1.1048,0.8512,0.5684,0.4741,0.3233
80,Australia,2017,3.198361419,7.284,10.0,1.484,1.51,0.844,0.602,0.478,0.301
81,Australia,2018,3.24787091,7.272,10.0,1.34,1.573,0.91,0.647,0.361,0.302
82,Australia,2019,3.297670183,7.228,11.0,1.372,1.548,1.036,0.557,0.332,0.29
83,Australia,2020,3.339440225,7.222799778,12.0,10.7206,0.9449,73.6045,0.9154,0.1905,0.4152
84,Austria,2015,104.7345977,7.2,13.0,10.6756,0.9311,70.8936,0.9086,0.124,0.6701
85,Austria,2016,105.8733398,7.119,12.0,1.4504,1.0838,0.8056,0.5436,0.3286,0.2135
86,Austria,2017,106.6113185,7.006,13.0,1.487,1.46,0.815,0.568,0.316,0.221
87,Austria,2018,107.1318589,7.139,12.0,1.341,1.504,0.891,0.617,0.242,0.224
88,Austria,2019,107.6093068,7.246,10.0,1.376,1.475,1.016,0.532,0.244,0.226
89,Austria,2020,108.0611367,7.294199944,9.0,10.7428,0.928,73.0025,0.9,0.0854,0.5
90,Azerbaijan,2015,116.7310768,5.212,80.0,9.7149,0.7806,61.8611,0.6676,-0.1972,0.7114
91,Azerbaijan,2016,118.033289,5.291,81.0,1.1237,0.7604,0.545,0.3533,0.0564,0.1791
92,Azerbaijan,2017,119.2087416,5.234,85.0,1.154,1.152,0.541,0.398,0.045,0.181
93,Azerbaijan,2018,120.2575919,5.201,87.0,1.024,1.161,0.603,0.43,0.031,0.176
94,Azerbaijan,2019,121.2800711,5.208,90.0,1.043,1.147,0.769,0.351,0.035,0.182
95,Azerbaijan,2020,122.3185327,5.164800167,89.0,9.6877,0.8193,65.5084,0.7868,-0.2403,0.5525
102,Bahrain,2015,1763.307198,5.96,49.0,10.6343,0.8973,65.7168,0.7479,-0.0757,0.4815
103,Bahrain,2016,1830.286264,6.218,42.0,1.4402,0.944,0.657,0.4738,0.1715,0.2577
104,Bahrain,2017,1915.483333,6.087,41.0,1.488,1.323,0.653,0.537,0.173,0.257
105,Bahrain,2018,2012.102564,6.105,43.0,1.338,1.366,0.698,0.594,0.243,0.123
106,Bahrain,2019,2104.05641,6.199,37.0,1.362,1.368,0.871,0.536,0.255,0.11
107,Bahrain,2020,2181.516667,6.227300167,40.0,10.6764,0.8763,68.5,0.9059,0.1337,0.7393
108,Bangladesh,2015,1200.401682,4.694,109.0,7.7946,0.5681,60.4584,0.7036,-0.0267,0.7668
109,Bangladesh,2016,1213.62181,4.643,110.0,0.5418,0.2475,0.5299,0.3978,0.1913,0.1258
110,Bangladesh,2017,1226.745187,4.608,110.0,0.587,0.735,0.533,0.478,0.172,0.124
111,Bangladesh,2018,1239.738135,4.5,115.0,0.532,0.85,0.579,0.58,0.153,0.144
112,Bangladesh,2019,1252.563363,4.456,125.0,0.562,0.928,0.723,0.527,0.166,0.143
113,Bangladesh,2020,1265.186932,4.832799911,107.0,8.2871,0.6873,64.5031,0.9006,-0.0337,0.6618
120,Belarus,2015,46.75194356,5.813,59.0,9.7395,0.9042,65.3164,0.6762,-0.1559,0.6636
121,Belarus,2016,46.8083532,5.802,61.0,1.1306,1.0499,0.631,0.2909,0.1394,0.1746
122,Belarus,2017,46.79178285,5.569,67.0,1.157,1.445,0.638,0.295,0.155,0.156
123,Belarus,2018,46.72134693,5.483,73.0,1.039,1.498,0.7,0.307,0.101,0.154
124,Belarus,2019,46.39791605,5.323,81.0,1.067,1.465,0.789,0.235,0.094,0.142
125,Belarus,2020,46.30436989,5.539899826,75.0,9.7799,0.9067,66.1043,0.6392,-0.1649,0.6357
126,Belgium,2015,372.3314399,6.937,19.0,10.5854,0.9264,71.1193,0.8708,-0.0136,0.609
127,Belgium,2016,374.2213342,6.929,18.0,1.4254,1.0525,0.8196,0.5135,0.2424,0.2625
128,Belgium,2017,375.6657199,6.891,17.0,1.464,1.462,0.818,0.54,0.232,0.251
129,Belgium,2018,377.3795905,6.927,16.0,1.324,1.483,0.894,0.583,0.188,0.24
130,Belgium,2019,379.4247028,6.923,18.0,1.356,1.504,0.986,0.473,0.16,0.21
131,Belgium,2020,381.6379458,6.863500118,20.0,10.6736,0.9116,72.0016,0.8136,-0.0787,0.6123
133,Belize,2016,16.15076721,5.956,52.0,0.8762,0.6865,0.4557,0.5123,0.2368,0.1077
134,Belize,2017,16.47413415,5.956,50.0,0.908,1.081,0.45,0.548,0.24,0.097
135,Belize,2018,16.79399386,5.956,49.0,0.807,1.101,0.474,0.593,0.183,0.089
138,Benin,2015,93.79178787,3.34,155.0,7.4546,0.5357,50.249,0.7759,-0.0643,0.8389
139,Benin,2016,96.41780773,3.484,153.0,0.395,0.1042,0.2103,0.3975,0.2018,0.0668
140,Benin,2017,99.10599503,3.657,143.0,0.431,0.435,0.21,0.426,0.208,0.061
141,Benin,2018,101.8538045,4.141,136.0,0.378,0.372,0.24,0.44,0.163,0.067
142,Benin,2019,104.6572455,4.883,102.0,0.393,0.437,0.397,0.349,0.175,0.082
143,Benin,2020,107.5132849,5.21600008,86.0,7.6743,0.4687,54.3125,0.7352,-0.0035,0.7405
150,Bhutan,2015,19.09607262,5.253,79.0,8.9378,0.8502,59.4622,0.8211,0.3134,0.7213
151,Bhutan,2016,19.31381082,5.196,84.0,0.8527,0.9084,0.4976,0.4607,0.4855,0.1616
152,Bhutan,2017,19.54600986,5.011,97.0,0.885,1.34,0.496,0.502,0.474,0.173
153,Bhutan,2018,19.77965391,5.082,97.0,0.796,1.335,0.527,0.541,0.364,0.171
154,Bhutan,2019,20.00770844,5.082,95.0,0.813,1.321,0.604,0.457,0.37,0.167
156,Bolivia,2015,10.0339075,5.89,51.0,8.6647,0.7976,58.2022,0.861,-0.0354,0.8264
157,Bolivia,2016,10.18353365,5.822,59.0,0.7942,0.8378,0.4697,0.5096,0.217,0.0775
158,Bolivia,2017,10.33218222,5.823,58.0,0.834,1.228,0.474,0.559,0.226,0.06
159,Bolivia,2018,10.480144,5.752,62.0,0.751,1.223,0.508,0.606,0.141,0.054
160,Bolivia,2019,10.62780578,5.779,61.0,0.776,1.209,0.706,0.511,0.137,0.064
161,Bolivia,2020,10.77543524,5.747499943,65.0,8.8511,0.8031,63.6005,0.8759,-0.0917,0.8226
162,Bosnia and Herzegovina,2015,66.97972656,4.949,96.0,9.1273,0.7727,67.2941,0.404,0.0189,0.9621
163,Bosnia and Herzegovina,2016,66.13794922,5.163,87.0,0.9338,0.6437,0.7077,0.0951,0.2989,0.0
164,Bosnia and Herzegovina,2017,65.45964844,5.182,90.0,0.982,1.069,0.705,0.204,0.329,0.0
165,Bosnia and Herzegovina,2018,64.92048828,5.129,93.0,0.915,1.078,0.758,0.28,0.216,0.0
166,Bosnia and Herzegovina,2019,64.47261719,5.386,78.0,0.945,1.212,0.845,0.212,0.263,0.006
167,Bosnia and Herzegovina,2020,64.07841797,5.674099922,69.0,9.4558,0.8292,67.8081,0.6514,0.0983,0.9338
168,Botswana,2015,3.742021774,4.332,128.0,9.6219,0.8505,40.4443,0.7859,-0.1634,0.7683
169,Botswana,2016,3.811206395,3.974,137.0,1.0943,0.8919,0.3475,0.4409,0.1243,0.1077
170,Botswana,2017,3.890875726,3.766,142.0,1.122,1.222,0.342,0.505,0.099,0.099
171,Botswana,2018,3.97732077,3.59,146.0,1.017,1.174,0.417,0.557,0.042,0.092
172,Botswana,2019,4.064903923,3.488,148.0,1.041,1.145,0.538,0.455,0.025,0.1
173,Botswana,2020,4.149462707,3.478899956,147.0,9.7112,0.7791,58.9245,0.8213,-0.2504,0.7779
174,Brazil,2015,24.46378728,6.983,16.0,9.5841,0.9042,63.9052,0.7816,-0.1111,0.6884
175,Brazil,2016,24.66614055,6.952,17.0,1.0875,1.0394,0.6142,0.4043,0.1578,0.1417
176,Brazil,2017,24.86603778,6.635,22.0,1.107,1.431,0.617,0.437,0.162,0.111
177,Brazil,2018,25.06171469,6.419,28.0,0.986,1.474,0.675,0.493,0.11,0.088
178,Brazil,2019,25.25077577,6.3,32.0,1.004,1.439,0.802,0.39,0.099,0.086
179,Brazil,2020,25.43142481,6.375599861,32.0,9.5664,0.8967,66.4802,0.7998,-0.1018,0.7706
192,Bulgaria,2015,66.120035,4.218,134.0,9.6789,0.8511,66.4154,0.6065,-0.1448,0.9519
193,Bulgaria,2016,65.65790346,4.217,129.0,1.1131,0.9254,0.6781,0.2122,0.1279,0.0062
194,Bulgaria,2017,65.18005711,4.714,105.0,1.161,1.434,0.708,0.289,0.113,0.011
195,Bulgaria,2018,64.71109985,4.933,100.0,1.054,1.515,0.712,0.359,0.064,0.009
196,Bulgaria,2019,64.25719418,5.011,97.0,1.092,1.513,0.815,0.311,0.081,0.004
197,Bulgaria,2020,63.81068534,5.101500034,96.0,9.8693,0.9378,66.804,0.7452,-0.1439,0.9356
198,Burkina Faso,2015,66.19377193,3.587,152.0,7.3671,0.7445,48.5199,0.691,-0.02,0.7626
199,Burkina Faso,2016,68.15186404,3.739,145.0,0.32,0.6305,0.213,0.3337,0.2435,0.1253
200,Burkina Faso,2017,70.15071637,4.032,134.0,0.35,1.043,0.216,0.324,0.251,0.12
201,Burkina Faso,2018,72.1910307,4.424,121.0,0.314,1.097,0.254,0.312,0.175,0.128
202,Burkina Faso,2019,74.27406067,4.587,115.0,0.331,1.056,0.38,0.255,0.177,0.113
203,Burkina Faso,2020,76.40086988,4.768700123,112.0,7.4685,0.7129,53.8895,0.6656,-0.0191,0.7398
204,Burundi,2015,395.6399533,2.905,157.0,6.6227,0.5617,46.8113,0.4287,-0.0457,0.8064
205,Burundi,2016,408.4112928,2.905,157.0,0.0683,0.2344,0.1575,0.0432,0.2029,0.0942
206,Burundi,2017,421.6125389,2.905,154.0,0.092,0.63,0.152,0.06,0.204,0.084
207,Burundi,2018,435.17831,2.905,156.0,0.091,0.627,0.145,0.065,0.149,0.076
208,Burundi,2019,449.0100078,3.775,145.0,0.046,0.447,0.38,0.22,0.176,0.18
209,Burundi,2020,463.0366433,3.775300026,140.0,6.4926,0.4903,53.4,0.6264,-0.0176,0.6069
216,Cambodia,2015,87.93017788,3.819,145.0,7.9873,0.6504,60.8018,0.9448,0.2164,0.851
217,Cambodia,2016,89.31730116,3.907,140.0,0.556,0.5375,0.4249,0.5885,0.4034,0.0809
218,Cambodia,2017,90.69461251,4.168,129.0,0.602,1.006,0.43,0.633,0.386,0.068
219,Cambodia,2018,92.05639588,4.433,120.0,0.549,1.088,0.457,0.696,0.256,0.065
220,Cambodia,2019,93.39758668,4.7,109.0,0.574,1.122,0.637,0.609,0.232,0.062
221,Cambodia,2020,94.71431566,4.848400116,106.0,8.2499,0.7731,61.53,0.9597,0.0519,0.8228
222,Cameroon,2015,49.28682702,4.252,133.0,7.8711,0.7595,47.1749,0.7841,-0.0344,0.8741
223,Cameroon,2016,50.61570307,4.513,114.0,0.525,0.6254,0.127,0.4274,0.2268,0.0613
224,Cameroon,2017,51.96858539,4.695,107.0,0.564,0.946,0.133,0.43,0.236,0.051
225,Cameroon,2018,53.34403969,4.975,99.0,0.535,0.891,0.182,0.454,0.183,0.043
226,Cameroon,2019,54.7405111,5.044,96.0,0.549,0.91,0.331,0.381,0.187,0.037
227,Cameroon,2020,56.15676419,5.084899902,98.0,8.1186,0.7004,52.7049,0.7631,-0.0015,0.8513
228,Canada,2015,3.982215114,7.427,5.0,10.642,0.9419,71.4432,0.9168,0.2856,0.4441
229,Canada,2016,4.027563942,7.404,6.0,1.4401,1.0961,0.8276,0.5737,0.4483,0.3133
230,Canada,2017,4.076172901,7.316,7.0,1.479,1.481,0.835,0.611,0.436,0.287
231,Canada,2018,4.13415938,7.328,7.0,1.33,1.532,0.896,0.653,0.321,0.291
232,Canada,2019,4.193074187,7.278,9.0,1.365,1.505,1.039,0.584,0.285,0.308
233,Canada,2020,4.239011376,7.23210001,11.0,10.6924,0.9272,73.6016,0.9339,0.1248,0.3908
246,Central African Republic,2015,7.212384025,3.678,148.0,6.8165,0.3874,41.1392,0.78,0.0065,0.8345
248,Central African Republic,2017,7.377480818,2.693,155.0,0.0,0.0,0.019,0.271,0.281,0.057
249,Central African Republic,2018,7.490409002,3.083,155.0,0.024,0.0,0.01,0.305,0.218,0.038
250,Central African Republic,2019,7.616904234,3.083,155.0,0.026,0.0,0.105,0.225,0.235,0.035
251,Central African Republic,2020,7.752679059,3.475899935,149.0,6.6252,0.3195,45.2,0.6409,0.0824,0.8918
258,Chad,2015,11.20629844,3.667,149.0,7.6241,0.7063,44.1423,0.5393,-0.0627,0.8823
259,Chad,2016,11.56421379,3.763,144.0,0.4221,0.6318,0.0382,0.1281,0.1867,0.0495
260,Chad,2017,11.92563612,3.936,137.0,0.438,0.954,0.041,0.162,0.216,0.054
261,Chad,2018,12.29171458,4.301,131.0,0.358,0.907,0.053,0.189,0.181,0.06
262,Chad,2019,12.66429638,4.35,132.0,0.35,0.766,0.192,0.174,0.198,0.078
263,Chad,2020,13.04467837,4.422699928,127.0,7.468,0.6324,48.2205,0.5873,0.0178,0.8028
270,Chile,2015,24.16756239,6.67,27.0,9.9702,0.8588,69.7426,0.735,0.1275,0.762
271,Chile,2016,24.48996412,6.705,24.0,1.2167,0.9059,0.8188,0.3779,0.316,0.1145
272,Chile,2017,24.84147959,6.652,20.0,1.253,1.284,0.819,0.377,0.327,0.082
273,Chile,2018,25.18945519,6.476,25.0,1.131,1.331,0.808,0.431,0.197,0.061
274,Chile,2019,25.48919885,6.444,26.0,1.159,1.369,0.92,0.357,0.187,0.056
275,Chile,2020,25.71000172,6.228499889,39.0,10.0321,0.8797,69.9006,0.7449,-0.0657,0.8382
276,China,2015,145.4921426,5.14,84.0,9.3048,0.7843,68.2254,0.8067,-0.1923,0.9217
277,China,2016,146.282102,5.245,83.0,1.0278,0.7938,0.7356,0.4401,0.0496,0.0275
278,China,2017,147.1022825,5.273,79.0,1.081,1.161,0.741,0.473,0.029,0.023
279,China,2018,147.7744195,5.246,86.0,0.989,1.142,0.799,0.597,0.029,0.103
280,China,2019,148.3033486,5.191,93.0,1.029,1.125,0.893,0.521,0.058,0.1
281,China,2020,148.7698885,5.123899937,94.0,9.6886,0.7988,69.2892,0.8985,-0.1814,0.754
282,Colombia,2015,42.83070482,6.477,33.0,9.3921,0.9073,63.6792,0.8235,-0.0625,0.8847
283,Colombia,2016,43.42050293,6.481,31.0,1.0303,1.0217,0.5966,0.4473,0.1563,0.054
284,Colombia,2017,44.08277963,6.357,36.0,1.071,1.402,0.595,0.477,0.149,0.047
285,Colombia,2018,44.75985219,6.26,37.0,0.96,1.439,0.635,0.531,0.099,0.039
286,Colombia,2019,45.37128707,6.125,43.0,0.985,1.41,0.841,0.47,0.099,0.034
287,Colombia,2020,45.86109419,6.163400173,44.0,9.5004,0.8844,67.6996,0.8362,-0.1612,0.8646
288,Comoros,2015,417.751209,3.956,140.0,7.3087,0.7197,51.8408,0.5337,-0.0747,0.6508
289,Comoros,2016,427.5104782,3.956,138.0,0.2751,0.6032,0.2998,0.1541,0.1827,0.1844
292,Comoros,2019,457.222461,3.973,142.0,0.274,0.757,0.505,0.142,0.275,0.078
293,Comoros,2020,467.2729715,4.288599968,134.0,7.8336,0.6257,57.349,0.5476,0.09,0.7806
306,Costa Rica,2015,94.943302,7.226,12.0,9.5061,0.9063,69.8042,0.9175,0.0276,0.7982
307,Costa Rica,2016,95.95252644,7.087,14.0,1.0688,1.0215,0.7615,0.5523,0.2255,0.1055
308,Costa Rica,2017,96.94388954,7.079,12.0,1.11,1.416,0.76,0.58,0.215,0.1
309,Costa Rica,2018,97.91310223,7.072,13.0,1.01,1.459,0.817,0.632,0.143,0.101
310,Costa Rica,2019,98.85548374,7.167,12.0,1.034,1.441,0.963,0.558,0.144,0.093
311,Costa Rica,2020,99.76721504,7.121399879,15.0,9.6582,0.9015,71.2999,0.9347,-0.1024,0.7863
318,Croatia,2015,74.28174589,5.759,62.0,9.8947,0.7212,67.1945,0.5619,-0.2271,0.9272
319,Croatia,2016,73.76478176,5.488,74.0,1.1865,0.6081,0.7052,0.2391,0.1843,0.04
320,Croatia,2017,72.88444955,5.293,77.0,1.223,0.968,0.701,0.256,0.248,0.043
321,Croatia,2018,72.23613713,5.321,82.0,1.115,1.161,0.737,0.38,0.12,0.039
322,Croatia,2019,71.83694999,5.432,75.0,1.155,1.266,0.914,0.296,0.119,0.022
323,Croatia,2020,71.51793603,5.504700184,79.0,10.0709,0.8746,70.2149,0.7148,-0.1285,0.9165
336,Cyprus,2015,125.6479437,5.689,67.0,10.2797,0.7618,72.0912,0.7022,0.0929,0.8684
337,Cyprus,2016,126.6438312,5.546,69.0,1.3186,0.707,0.8488,0.2951,0.2791,0.0523
338,Cyprus,2017,127.6715368,5.621,65.0,1.356,1.131,0.845,0.355,0.271,0.041
339,Cyprus,2018,128.7080087,5.762,61.0,1.229,1.191,0.909,0.423,0.202,0.035
340,Cyprus,2019,129.7158009,6.046,49.0,1.263,1.223,1.042,0.406,0.19,0.041
341,Cyprus,2020,130.6667749,6.15899992,45.0,10.4057,0.806,73.7022,0.7799,0.0437,0.8563
342,Czech Republic,2015,136.589289,6.505,31.0,10.1904,0.8932,69.2462,0.7562,-0.1605,0.9237
343,Czech Republic,2016,136.8341362,6.596,27.0,1.3092,1.0079,0.7638,0.4142,0.0993,0.0399
344,Czech Republic,2017,137.2158788,6.609,23.0,1.353,1.434,0.754,0.491,0.088,0.037
345,Czech Republic,2018,137.6933679,6.711,21.0,1.233,1.489,0.854,0.543,0.064,0.034
346,Czech Republic,2019,138.236658,6.852,20.0,1.269,1.487,0.92,0.457,0.046,0.036
347,Czech Republic,2020,138.5867358,6.910900116,19.0,10.4042,0.9144,70.0479,0.8185,-0.2309,0.8584
348,Denmark,2015,142.087075,7.527,3.0,10.6395,0.9578,70.3234,0.9324,0.1374,0.2004
349,Denmark,2016,143.20025,7.526,1.0,1.4418,1.1637,0.795,0.5794,0.3617,0.4445
350,Denmark,2017,144.1245,7.522,2.0,1.482,1.551,0.793,0.626,0.355,0.401
351,Denmark,2018,144.8409,7.555,3.0,1.351,1.59,0.868,0.683,0.284,0.408
352,Denmark,2019,145.36055,7.6,2.0,1.383,1.573,0.996,0.592,0.252,0.41
353,Denmark,2020,145.7851,7.645599842,2.0,10.774,0.956,72.4025,0.9514,0.0662,0.1685
354,Djibouti,2015,39.43045729,4.369,126.0,7.9255,0.6356,51.8321,0.7534,-0.0664,0.5209
366,Dominican Republic,2015,212.8270544,4.885,98.0,9.3209,0.8787,62.8655,0.8634,-0.0208,0.7404
367,Dominican Republic,2016,215.2295177,5.155,89.0,1.0279,0.995,0.5767,0.5226,0.2129,0.1237
368,Dominican Republic,2017,217.6176982,5.23,86.0,1.079,1.402,0.575,0.553,0.187,0.114
369,Dominican Republic,2018,219.9782033,5.302,83.0,0.982,1.441,0.614,0.578,0.12,0.106
370,Dominican Republic,2019,222.2926309,5.425,77.0,1.015,1.401,0.779,0.497,0.113,0.101
371,Dominican Republic,2020,224.5477955,5.689199924,68.0,9.6649,0.8821,65.8075,0.8662,-0.1313,0.756
396,Ecuador,2015,65.27630053,5.975,48.0,9.2248,0.8062,67.292,0.7771,-0.1497,0.6794
397,Ecuador,2016,66.40004832,5.976,51.0,0.9731,0.8597,0.6861,0.4027,0.1007,0.1804
398,Ecuador,2017,67.58478016,6.008,44.0,1.001,1.286,0.686,0.455,0.15,0.14
399,Ecuador,2018,68.78868981,5.973,48.0,0.889,1.33,0.736,0.556,0.114,0.12
400,Ecuador,2019,69.95352311,6.028,50.0,0.912,1.312,0.868,0.498,0.126,0.087
401,Ecuador,2020,71.03825093,5.925199986,58.0,9.2461,0.8364,68.5,0.8598,-0.127,0.8012
408,El Salvador,2015,305.2664575,6.13,42.0,8.9198,0.8171,63.1949,0.6991,-0.1604,0.7793
409,El Salvador,2016,306.7633687,6.068,46.0,0.8737,0.8098,0.596,0.3727,0.0888,0.1061
410,El Salvador,2017,308.3071429,6.003,45.0,0.91,1.182,0.596,0.432,0.078,0.09
411,El Salvador,2018,309.8812741,6.167,40.0,0.806,1.231,0.639,0.461,0.065,0.082
412,El Salvador,2019,311.4647683,6.253,35.0,0.794,1.242,0.789,0.43,0.093,0.074
413,El Salvador,2020,313.0405888,6.34829998,34.0,8.9091,0.8061,66.1083,0.8338,-0.1211,0.7543
426,Estonia,2015,30.26011042,5.429,73.0,10.1069,0.9022,66.6727,0.7421,-0.186,0.7254
427,Estonia,2016,30.2689211,5.517,72.0,1.2796,1.0516,0.681,0.4151,0.0842,0.1852
428,Estonia,2017,30.30559006,5.611,66.0,1.321,1.477,0.695,0.479,0.099,0.183
429,Estonia,2018,30.41124914,5.739,63.0,1.2,1.532,0.737,0.553,0.086,0.174
430,Estonia,2019,30.52445365,5.893,55.0,1.237,1.528,0.874,0.495,0.103,0.161
431,Estonia,2020,30.62012882,6.021800041,51.0,10.34,0.9347,68.605,0.8777,-0.1117,0.6231
438,Ethiopia,2015,89.29236835,4.512,122.0,7.1605,0.6406,54.6377,0.7285,0.0127,0.7276
439,Ethiopia,2016,91.74098154,4.508,115.0,0.2928,0.3793,0.3458,0.367,0.2952,0.1717
440,Ethiopia,2017,94.21926014,4.46,119.0,0.339,0.865,0.353,0.409,0.313,0.165
441,Ethiopia,2018,96.71865074,4.35,127.0,0.308,0.95,0.391,0.452,0.22,0.146
442,Ethiopia,2019,99.24615983,4.286,134.0,0.336,1.033,0.532,0.344,0.209,0.1
443,Ethiopia,2020,101.8007113,4.186200142,136.0,7.5094,0.7433,58.6396,0.7408,0.0434,0.7537
486,Finland,2015,18.03011089,7.406,6.0,10.5315,0.94,70.8462,0.9251,0.0003,0.311
487,Finland,2016,18.08200783,7.413,5.0,1.406,1.1346,0.8109,0.571,0.2549,0.41
488,Finland,2017,18.12389445,7.469,5.0,1.444,1.54,0.809,0.618,0.245,0.383
489,Finland,2018,18.14795012,7.632,1.0,1.305,1.592,0.874,0.681,0.192,0.393
490,Finland,2019,18.16795867,7.769,1.0,1.34,1.587,0.986,0.596,0.153,0.393
491,Finland,2020,18.19794354,7.808700085,1.0,10.6393,0.9543,71.9008,0.9492,-0.0595,0.1954
498,France,2015,121.5367021,6.575,29.0,10.4933,0.9158,72.8942,0.8382,-0.1396,0.639
499,France,2016,121.857823,6.478,32.0,1.3949,1.0051,0.8379,0.4656,0.1216,0.1781
500,France,2017,122.2119706,6.442,31.0,1.431,1.388,0.844,0.47,0.13,0.173
501,France,2018,122.5478443,6.489,23.0,1.293,1.466,0.908,0.52,0.098,0.176
502,France,2019,122.8163022,6.592,24.0,1.324,1.472,1.045,0.436,0.111,0.183
503,France,2020,123.076834,6.663799763,23.0,10.5842,0.9371,73.8019,0.8255,-0.1306,0.5835
510,Gabon,2015,7.558854349,3.896,143.0,9.8263,0.7669,54.3909,0.6191,-0.2096,0.7902
511,Gabon,2016,7.792455466,4.121,134.0,1.1585,0.7237,0.3494,0.281,0.0624,0.0931
512,Gabon,2017,8.013396981,4.465,118.0,1.198,1.156,0.357,0.312,0.044,0.076
513,Gabon,2018,8.224764233,4.758,103.0,1.036,1.164,0.404,0.356,0.032,0.052
514,Gabon,2019,8.431629604,4.799,104.0,1.057,1.183,0.571,0.295,0.043,0.055
515,Gabon,2020,8.637901191,4.829299927,108.0,9.6805,0.7879,59.7153,0.7048,-0.2223,0.8492
522,Georgia,2015,65.17505861,4.297,130.0,8.8503,0.5491,65.0702,0.7013,-0.2258,0.3591
523,Georgia,2016,65.21405578,4.252,126.0,0.8379,0.1925,0.6403,0.3246,0.0679,0.3188
524,Georgia,2017,65.22278596,4.286,125.0,0.951,0.571,0.65,0.309,0.054,0.252
525,Georgia,2018,65.19733021,4.34,128.0,0.853,0.592,0.643,0.375,0.038,0.215
526,Georgia,2019,65.08556982,4.519,119.0,0.886,0.666,0.752,0.346,0.043,0.164
527,Georgia,2020,64.97778089,4.672599792,117.0,9.2261,0.629,64.4952,0.8016,-0.2289,0.6659
528,Germany,2015,234.1529869,6.75,26.0,10.647,0.9321,70.9455,0.8995,0.0621,0.62
529,Germany,2016,235.7129294,6.994,16.0,1.4479,1.0977,0.8149,0.5347,0.3045,0.2855
530,Germany,2017,236.5887226,6.951,16.0,1.488,1.473,0.799,0.563,0.336,0.277
531,Germany,2018,237.2940123,6.965,15.0,1.34,1.474,0.861,0.586,0.273,0.28
532,Germany,2019,237.8297613,6.985,17.0,1.373,1.454,0.987,0.495,0.261,0.265
533,Germany,2020,238.252118,7.075799942,17.0,10.7328,0.8989,72.202,0.8674,0.0802,0.4564
534,Ghana,2015,122.3925595,4.633,114.0,8.2485,0.6723,53.2201,0.718,-0.003,0.8968
535,Ghana,2016,125.1733629,4.276,124.0,0.6311,0.4935,0.2968,0.4097,0.212,0.0326
536,Ghana,2017,127.9839325,4.12,131.0,0.667,0.874,0.296,0.423,0.257,0.025
537,Ghana,2018,130.8214292,4.657,108.0,0.592,0.896,0.337,0.499,0.212,0.029
538,Ghana,2019,133.6813659,4.996,98.0,0.611,0.868,0.486,0.381,0.245,0.04
539,Ghana,2020,136.560363,5.147999763,91.0,8.3506,0.7286,57.204,0.7948,0.0942,0.848
546,Greece,2015,83.94788984,4.857,102.0,10.114,0.777,70.5938,0.3893,-0.2962,0.9436
547,Greece,2016,83.5994647,5.033,99.0,1.2489,0.7547,0.8003,0.0582,0.0,0.0413
548,Greece,2017,83.43428239,5.227,87.0,1.289,1.239,0.81,0.096,0.0,0.043
549,Greece,2018,83.26518231,5.358,79.0,1.154,1.202,0.879,0.131,0.0,0.044
550,Greece,2019,83.17751746,5.287,82.0,1.181,1.156,0.999,0.067,0.0,0.034
551,Greece,2020,83.13071373,5.514999866,77.0,10.1323,0.8144,72.4053,0.5413,-0.3009,0.8599
570,Guatemala,2015,145.272667,6.123,43.0,8.8615,0.8249,61.9983,0.864,0.0529,0.8158
571,Guatemala,2016,147.7014744,6.324,39.0,0.8345,0.8712,0.5404,0.5038,0.2881,0.087
572,Guatemala,2017,150.1252146,6.454,29.0,0.872,1.256,0.54,0.531,0.283,0.077
573,Guatemala,2018,152.5471258,6.382,30.0,0.781,1.268,0.608,0.604,0.179,0.071
574,Guatemala,2019,154.946118,6.436,27.0,0.8,1.269,0.746,0.535,0.175,0.078
575,Guatemala,2020,157.3192703,6.398900032,29.0,8.9248,0.8166,64.8089,0.9081,-0.0429,0.7832
576,Guinea,2015,46.52489012,3.656,150.0,7.1098,0.5822,47.3941,0.6742,0.0677,0.7736
577,Guinea,2016,47.77158554,3.607,151.0,0.2242,0.3109,0.1883,0.3095,0.2991,0.1192
578,Guinea,2017,49.11084161,3.507,149.0,0.245,0.791,0.194,0.349,0.265,0.111
579,Guinea,2018,50.52210646,3.964,140.0,0.344,0.792,0.211,0.394,0.185,0.094
580,Guinea,2019,51.97479245,4.534,118.0,0.38,0.829,0.375,0.332,0.207,0.086
581,Guinea,2020,53.44616637,4.949299812,102.0,7.751,0.6376,54.4678,0.7068,0.0763,0.7618
594,Haiti,2015,388.0820029,4.518,119.0,7.3936,0.6989,52.7558,0.548,0.2904,0.6939
595,Haiti,2016,393.3227866,4.028,136.0,0.341,0.2956,0.2749,0.1207,0.4796,0.1448
596,Haiti,2017,398.4893687,3.603,145.0,0.369,0.64,0.277,0.03,0.489,0.1
597,Haiti,2018,403.5988026,3.582,148.0,0.315,0.714,0.289,0.025,0.392,0.104
598,Haiti,2019,408.6748549,3.597,147.0,0.323,0.688,0.449,0.026,0.419,0.11
599,Haiti,2020,413.7348694,3.720799923,142.0,7.4113,0.5932,55.5986,0.5378,0.4005,0.6848
612,Honduras,2015,81.44520511,4.788,105.0,8.401,0.7871,63.8358,0.6972,-0.0038,0.8577
613,Honduras,2016,82.85632317,4.871,104.0,0.6943,0.756,0.5838,0.2676,0.2044,0.0691
614,Honduras,2017,84.27040844,5.181,91.0,0.731,1.144,0.583,0.348,0.236,0.073
615,Honduras,2018,85.68704084,5.504,72.0,0.62,1.205,0.622,0.459,0.197,0.074
616,Honduras,2019,87.10443293,5.86,59.0,0.642,1.236,0.828,0.507,0.246,0.078
617,Honduras,2020,88.52094021,5.953199863,56.0,8.4245,0.8219,67.1988,0.8706,0.087,0.8011
621,"Hong Kong SAR, China",2018,7096.190476,5.43,76.0,1.405,1.29,1.03,0.524,0.246,0.291
624,Hungary,2015,107.8569801,4.8,104.0,10.0125,0.8914,66.1465,0.621,-0.1337,0.922
625,Hungary,2016,107.5391519,5.145,91.0,1.2414,0.9316,0.6761,0.1977,0.099,0.0447
626,Hungary,2017,107.253627,5.324,75.0,1.286,1.343,0.688,0.176,0.078,0.037
627,Hungary,2018,107.1177296,5.62,69.0,1.171,1.401,0.732,0.259,0.061,0.022
628,Hungary,2019,107.0692636,5.758,62.0,1.201,1.41,0.828,0.199,0.081,0.02
629,Hungary,2020,106.8350099,6.000400066,53.0,10.2492,0.9219,67.61,0.719,-0.1943,0.8929
660,Iceland,2015,3.299900249,7.561,2.0,10.5685,0.9752,72.9686,0.9128,0.2579,0.7418
661,Iceland,2016,3.346024938,7.501,3.0,1.4267,1.1833,0.8673,0.5662,0.4768,0.1497
662,Iceland,2017,3.425436409,7.504,3.0,1.481,1.611,0.834,0.627,0.476,0.154
663,Iceland,2018,3.498175146,7.495,4.0,1.343,1.644,0.914,0.677,0.353,0.138
664,Iceland,2019,3.575949618,7.494,4.0,1.38,1.624,1.026,0.591,0.354,0.118
665,Iceland,2020,3.634087077,7.504499912,4.0,10.7726,0.9747,73.0,0.9489,0.2469,0.7117
666,India,2015,440.6554549,4.565,117.0,8.5532,0.5474,57.3384,0.6938,0.04,0.8313
667,India,2016,445.4869181,4.404,118.0,0.7404,0.2925,0.4509,0.4028,0.2503,0.0872
668,India,2017,450.2493211,4.315,122.0,0.792,0.754,0.455,0.47,0.232,0.092
669,India,2018,454.9464659,4.19,133.0,0.721,0.747,0.485,0.539,0.172,0.093
670,India,2019,459.5796959,4.015,140.0,0.755,0.765,0.588,0.498,0.2,0.085
671,India,2020,464.1494102,3.573299885,144.0,8.8498,0.5922,60.2152,0.8814,0.0576,0.772
672,Indonesia,2015,142.6294634,5.399,74.0,9.1152,0.8431,61.77,0.7585,0.3583,0.9657
673,Indonesia,2016,139.3095814,5.314,79.0,0.951,0.8763,0.4937,0.3924,0.5652,0.0032
674,Indonesia,2017,140.9578113,5.262,81.0,0.996,1.274,0.492,0.443,0.612,0.015
675,Indonesia,2018,142.5660933,5.093,96.0,0.899,1.215,0.522,0.538,0.484,0.018
676,Indonesia,2019,144.1399885,5.192,92.0,0.931,1.203,0.66,0.491,0.498,0.028
677,Indonesia,2020,145.6835435,5.285600185,84.0,9.3698,0.8084,62.1558,0.8706,0.5196,0.8763
684,Iraq,2015,81.93958694,4.677,112.0,9.5972,0.7307,60.485,0.3163,-0.0686,0.7475
685,Iraq,2016,84.33142299,4.575,112.0,1.0747,0.592,0.5108,0.2486,0.1959,0.1364
686,Iraq,2017,86.50165159,4.497,117.0,1.103,0.979,0.501,0.289,0.2,0.107
687,Iraq,2018,88.53058084,4.456,117.0,1.01,0.971,0.536,0.304,0.148,0.095
688,Iraq,2019,90.54884504,4.437,126.0,1.043,0.98,0.574,0.241,0.148,0.089
689,Iraq,2020,92.65125263,4.784800053,110.0,9.6611,0.7477,59.9035,0.6332,-0.0696,0.8223
690,Ireland,2015,68.25311366,6.94,18.0,10.6716,0.9615,71.0711,0.9024,0.2867,0.5115
691,Ireland,2016,69.0279431,6.907,19.0,1.4834,1.1616,0.8145,0.5401,0.4496,0.2975
692,Ireland,2017,69.78353898,6.977,15.0,1.536,1.558,0.81,0.573,0.428,0.298
693,Ireland,2018,70.65344753,6.977,14.0,1.448,1.583,0.876,0.614,0.307,0.306
694,Ireland,2019,71.62636087,7.021,16.0,1.499,1.553,0.999,0.516,0.298,0.31
695,Ireland,2020,72.50288866,7.093699932,16.0,11.161,0.9421,72.3008,0.887,0.1458,0.3572
702,Israel,2015,387.2504621,7.278,11.0,10.3424,0.9005,71.7409,0.7083,0.1251,0.8425
703,Israel,2016,394.9168207,7.267,11.0,1.3377,0.9954,0.8492,0.3643,0.3229,0.0873
704,Israel,2017,402.6478743,7.213,11.0,1.375,1.376,0.838,0.406,0.33,0.085
705,Israel,2018,410.4805915,7.19,11.0,1.244,1.433,0.888,0.464,0.262,0.082
706,Israel,2019,418.3918669,7.139,13.0,1.276,1.455,1.029,0.371,0.261,0.082
707,Israel,2020,425.9195933,7.128600121,14.0,10.4175,0.9136,73.2003,0.7476,0.1026,0.7809
708,Italy,2015,206.4682872,5.948,50.0,10.4116,0.8895,73.2076,0.5652,-0.0064,0.9198
709,Italy,2016,206.1178282,5.977,50.0,1.3549,1.0417,0.851,0.1883,0.1668,0.0256
710,Italy,2017,205.8091691,5.964,48.0,1.395,1.445,0.853,0.256,0.173,0.028
711,Italy,2018,202.941457,6.0,47.0,1.264,1.501,0.946,0.281,0.137,0.028
712,Italy,2019,200.6149229,6.223,36.0,1.294,1.488,1.039,0.231,0.158,0.03
713,Italy,2020,200.0269472,6.38740015,30.0,10.4818,0.8899,73.6017,0.6647,-0.0435,0.8734
714,Jamaica,2015,266.945891,5.709,65.0,9.0603,0.8699,63.5577,0.7948,-0.0266,0.9293
715,Jamaica,2016,268.3510619,5.51,73.0,0.8933,0.9637,0.5947,0.436,0.2224,0.0429
716,Jamaica,2017,269.699723,5.311,76.0,0.926,1.368,0.641,0.474,0.234,0.055
717,Jamaica,2018,270.9928901,5.89,56.0,0.819,1.493,0.693,0.575,0.096,0.031
718,Jamaica,2019,272.23241,5.89,56.0,0.831,1.478,0.831,0.49,0.107,0.028
719,Jamaica,2020,273.4220683,5.889800072,60.0,9.0063,0.9157,67.1,0.8581,-0.1251,0.8889
720,Japan,2015,348.8093278,5.987,46.0,10.4717,0.9144,74.532,0.787,-0.1603,0.6799
721,Japan,2016,348.4074376,5.921,53.0,1.3801,1.0605,0.9149,0.4676,0.1022,0.1899
722,Japan,2017,347.834834,5.92,51.0,1.417,1.436,0.913,0.506,0.121,0.164
723,Japan,2018,347.1305898,5.915,54.0,1.294,1.462,0.988,0.553,0.079,0.15
724,Japan,2019,346.4058464,5.886,58.0,1.327,1.419,1.088,0.445,0.069,0.14
725,Japan,2020,345.2291385,5.870800018,62.0,10.5797,0.8835,75.001,0.81,-0.2469,0.6546
726,Jordan,2015,104.3768078,5.192,82.0,9.3411,0.8292,63.8825,0.7021,-0.1559,0.7395
727,Jordan,2016,107.617549,5.303,80.0,0.9967,0.8622,0.6071,0.3602,0.1426,0.133
728,Jordan,2017,110.2257265,5.336,74.0,0.991,1.239,0.605,0.418,0.172,0.12
729,Jordan,2018,112.2473755,5.161,90.0,0.822,1.265,0.645,0.468,0.13,0.134
730,Jordan,2019,113.783476,4.906,101.0,0.837,1.225,0.815,0.383,0.11,0.13
731,Jordan,2020,114.9261095,4.633399963,119.0,9.026,0.8022,66.7998,0.751,-0.1626,0.7003
732,Kazakhstan,2015,6.498057562,5.855,54.0,10.0173,0.8579,61.9778,0.8063,-0.146,0.8319
733,Kazakhstan,2016,6.591123088,5.919,54.0,1.2294,0.9554,0.5739,0.4052,0.1501,0.1113
734,Kazakhstan,2017,6.681400156,5.819,60.0,1.285,1.384,0.606,0.437,0.202,0.119
735,Kazakhstan,2018,6.769808497,5.79,60.0,1.143,1.516,0.631,0.454,0.148,0.121
736,Kazakhstan,2019,6.85767789,5.809,60.0,1.173,1.508,0.729,0.41,0.146,0.096
737,Kazakhstan,2020,6.946860762,6.057899952,50.0,10.1147,0.9347,64.61,0.8116,-0.0685,0.7645
738,Kenya,2015,84.12400991,4.419,125.0,7.6939,0.8061,53.6909,0.7168,0.1806,0.8733
739,Kenya,2016,86.18535158,4.356,122.0,0.5227,0.7624,0.3015,0.4058,0.4133,0.0669
740,Kenya,2017,88.24040834,4.553,112.0,0.56,1.068,0.31,0.453,0.445,0.065
741,Kenya,2018,90.29864357,4.41,124.0,0.493,1.048,0.454,0.504,0.352,0.055
742,Kenya,2019,92.37440173,4.509,121.0,0.512,0.983,0.581,0.431,0.372,0.053
743,Kenya,2020,94.47816003,4.583000183,121.0,8.0298,0.7027,60.0969,0.8297,0.2947,0.8315
762,Kosovo,2015,164.2505741,5.589,69.0,9.033,0.7278,61.5312,0.5511,0.0633,0.8907
763,Kosovo,2016,163.2733535,5.401,77.0,0.9015,0.6606,0.54,0.144,0.2799,0.0655
764,Kosovo,2017,164.5084045,5.279,78.0,0.951,1.138,0.541,0.26,0.32,0.057
768,Kuwait,2015,215.2406285,6.295,39.0,11.3408,0.8762,64.9134,0.8428,-0.0901,0.5604
769,Kuwait,2016,222.0461279,6.239,41.0,1.6171,0.8776,0.6357,0.4317,0.1597,0.2367
770,Kuwait,2017,227.6151515,6.105,39.0,1.633,1.26,0.632,0.496,0.228,0.215
771,Kuwait,2018,232.1725028,6.083,45.0,1.474,1.301,0.675,0.554,0.167,0.106
772,Kuwait,2019,236.0873737,6.021,51.0,1.5,1.319,0.808,0.493,0.142,0.097
773,Kuwait,2020,239.65,6.102099895,48.0,11.0898,0.8465,66.7676,0.8724,-0.1002,0.7608
810,Latvia,2015,31.82885884,5.098,89.0,9.9885,0.8467,64.8934,0.5978,-0.0647,0.8655
811,Latvia,2016,31.54438184,5.56,68.0,1.2179,0.9503,0.6395,0.28,0.1745,0.0889
812,Latvia,2017,31.27109966,5.85,54.0,1.261,1.405,0.639,0.326,0.153,0.074
813,Latvia,2018,31.03839588,5.933,53.0,1.148,1.454,0.671,0.363,0.092,0.066
814,Latvia,2019,30.8233532,5.94,53.0,1.187,1.465,0.812,0.264,0.075,0.064
815,Latvia,2020,30.62567241,5.949999809,57.0,10.1753,0.9183,66.8075,0.6712,-0.1869,0.7956
822,Lebanon,2015,638.5807429,4.839,103.0,9.7203,0.7228,69.0527,0.6381,-0.0187,0.8932
823,Lebanon,2016,656.3324536,5.129,93.0,1.1227,0.6418,0.7617,0.2623,0.2369,0.0306
824,Lebanon,2017,666.6053763,5.225,88.0,1.075,1.13,0.735,0.289,0.264,0.038
825,Lebanon,2018,670.5188661,5.199,88.0,0.965,1.166,0.785,0.292,0.187,0.034
826,Lebanon,2019,670.1572825,5.197,91.0,0.987,1.224,0.815,0.216,0.166,0.027
827,Lebanon,2020,667.1986315,4.771500111,111.0,9.3617,0.8243,67.1066,0.5514,-0.0612,0.9023
828,Lesotho,2015,67.81986166,4.898,97.0,7.7269,0.8238,41.469,0.6177,-0.0881,0.7678
830,Lesotho,2017,68.89104084,3.808,139.0,0.521,1.19,0.0,0.391,0.157,0.119
831,Lesotho,2018,69.44423584,3.808,141.0,0.472,1.215,0.079,0.423,0.116,0.112
832,Lesotho,2019,70.00220685,3.802,144.0,0.489,1.169,0.168,0.359,0.107,0.093
833,Lesotho,2020,70.56166008,3.652800083,143.0,7.9605,0.7805,48.0036,0.7381,-0.1457,0.8574
834,Liberia,2015,46.43094892,4.571,116.0,6.7941,0.7184,51.0769,0.587,0.0132,0.8671
835,Liberia,2016,47.62030731,3.622,150.0,0.1071,0.5035,0.2317,0.2575,0.2406,0.0485
836,Liberia,2017,48.81877076,3.533,148.0,0.119,0.872,0.23,0.333,0.267,0.039
837,Liberia,2018,50.03089701,3.495,149.0,0.076,0.858,0.267,0.419,0.206,0.03
838,Liberia,2019,51.26011213,3.975,141.0,0.073,0.922,0.443,0.37,0.233,0.033
839,Liberia,2020,52.50910507,4.557899952,124.0,7.0544,0.7093,56.0963,0.7353,0.0423,0.8564
840,Libya,2015,3.647723269,5.754,63.0,10.0446,0.8563,64.1502,0.7116,-0.0639,0.7912
841,Libya,2016,3.689691624,5.615,67.0,1.0669,0.9508,0.523,0.4067,0.1709,0.1034
842,Libya,2017,3.740024666,5.525,68.0,1.102,1.358,0.52,0.466,0.152,0.093
843,Libya,2018,3.795631245,5.566,70.0,0.985,1.35,0.553,0.496,0.116,0.148
844,Libya,2019,3.851832297,5.525,72.0,1.044,1.303,0.673,0.416,0.133,0.152
845,Libya,2020,3.905161008,5.488800049,80.0,9.7898,0.8259,62.3,0.7732,-0.0851,0.6688
852,Lithuania,2015,46.36727853,5.833,56.0,10.0931,0.9145,65.143,0.5188,-0.2627,0.9493
853,Lithuania,2016,45.78766642,5.813,60.0,1.2692,1.0641,0.6467,0.1893,0.0202,0.0182
854,Lithuania,2017,45.15258377,5.902,52.0,1.315,1.474,0.629,0.234,0.01,0.012
855,Lithuania,2018,44.73164618,5.952,50.0,1.197,1.527,0.716,0.35,0.026,0.006
856,Lithuania,2019,44.61339614,6.149,42.0,1.238,1.515,0.818,0.291,0.043,0.042
857,Lithuania,2020,44.62238544,6.215499878,41.0,10.3436,0.9261,67.2941,0.7474,-0.2197,0.8096
876,Luxembourg,2015,234.4049383,6.946,17.0,11.3705,0.8987,71.9242,0.9005,0.0598,0.3675
877,Luxembourg,2016,239.5119342,6.871,20.0,1.6975,1.04,0.8454,0.5487,0.2757,0.3533
878,Luxembourg,2017,245.4057613,6.863,18.0,1.742,1.458,0.845,0.597,0.283,0.319
879,Luxembourg,2018,250.1851852,6.91,17.0,1.576,1.52,0.896,0.632,0.196,0.321
880,Luxembourg,2019,255.1444444,7.09,14.0,1.609,1.479,1.012,0.526,0.194,0.316
881,Luxembourg,2020,260.1954733,7.237500191,10.0,11.4507,0.9069,72.6,0.9056,-0.0046,0.3671
888,Madagascar,2015,41.65362668,3.681,147.0,7.2142,0.6674,55.6009,0.4983,-0.0253,0.8371
889,Madagascar,2016,42.78853558,3.695,148.0,0.2795,0.4612,0.3711,0.1368,0.2204,0.0751
890,Madagascar,2017,43.95068924,3.644,144.0,0.306,0.913,0.375,0.189,0.209,0.067
891,Madagascar,2018,45.13976109,3.774,143.0,0.262,0.908,0.402,0.221,0.155,0.049
892,Madagascar,2019,46.35494328,3.933,143.0,0.274,0.916,0.555,0.148,0.169,0.041
893,Madagascar,2020,47.59542626,4.165599823,137.0,7.2817,0.6682,59.1054,0.5576,-0.0118,0.8175
894,Malawi,2015,177.6124841,4.292,131.0,6.625,0.5598,46.8712,0.7248,0.1245,0.8553
895,Malawi,2016,182.4910161,4.156,132.0,0.0871,0.147,0.2936,0.4143,0.3097,0.0756
896,Malawi,2017,187.4224968,3.97,136.0,0.233,0.513,0.315,0.467,0.287,0.073
897,Malawi,2018,192.4397009,3.587,147.0,0.186,0.541,0.306,0.531,0.21,0.08
898,Malawi,2019,197.589616,3.41,150.0,0.191,0.56,0.495,0.443,0.218,0.089
899,Malawi,2020,202.9057594,3.538000107,145.0,7.0622,0.544,57.5929,0.8032,0.0214,0.7317
900,Malaysia,2015,92.13503272,5.77,61.0,10.0245,0.8361,64.8778,0.8193,0.1238,0.7995
901,Malaysia,2016,93.39416223,6.005,47.0,1.2514,0.8802,0.6237,0.3903,0.4147,0.0908
902,Malaysia,2017,94.6725156,6.084,42.0,1.291,1.285,0.619,0.402,0.417,0.066
903,Malaysia,2018,95.96114138,6.322,35.0,1.161,1.258,0.669,0.356,0.311,0.059
904,Malaysia,2019,97.24483032,5.339,80.0,1.221,1.171,0.828,0.508,0.26,0.024
905,Malaysia,2020,98.51163598,5.384300232,82.0,10.2625,0.8165,67.1022,0.8946,0.1147,0.8393
911,Maldives,2020,1801.806667,5.197599888,87.0,9.5186,0.9132,70.6,0.854,0.0381,0.8242
912,Mali,2015,14.29184963,3.995,138.0,7.3752,0.8214,46.1561,0.6849,-0.0575,0.7702
913,Mali,2016,14.72348405,4.073,135.0,0.3129,0.8633,0.1635,0.2754,0.2106,0.1365
914,Mali,2017,15.17175932,4.19,127.0,0.476,1.281,0.169,0.307,0.183,0.105
915,Mali,2018,15.63506913,4.447,118.0,0.37,1.233,0.152,0.367,0.139,0.056
916,Mali,2019,16.11062457,4.39,128.0,0.385,1.105,0.308,0.327,0.153,0.052
917,Mali,2020,16.59645957,4.729300022,114.0,7.6299,0.7315,51.727,0.7116,-0.0444,0.8393
918,Malta,2015,1390.790625,6.302,37.0,10.2775,0.9332,70.7777,0.889,0.3611,0.7507
919,Malta,2016,1422.9875,6.488,30.0,1.3078,1.0988,0.8032,0.5499,0.5624,0.1755
920,Malta,2017,1462.496875,6.527,27.0,1.343,1.488,0.822,0.589,0.575,0.153
921,Malta,2018,1514.46875,6.627,22.0,1.27,1.525,0.884,0.645,0.376,0.142
922,Malta,2019,1575.19375,6.726,22.0,1.3,1.52,0.999,0.564,0.375,0.151
923,Malta,2020,1641.515625,6.772799969,22.0,10.5338,0.9304,72.2,0.9249,0.215,0.6585
930,Mauritania,2015,3.925782478,4.436,124.0,7.9679,0.7517,51.6814,0.5462,-0.0181,0.6894
931,Mauritania,2016,4.039518774,4.201,130.0,0.6139,0.8414,0.2864,0.1268,0.2269,0.1795
932,Mauritania,2017,4.1550228,4.292,123.0,0.648,1.272,0.285,0.096,0.202,0.137
933,Mauritania,2018,4.272156787,4.356,126.0,0.557,1.245,0.292,0.129,0.134,0.093
934,Mauritania,2019,4.390897448,4.49,122.0,0.57,1.167,0.489,0.066,0.106,0.088
935,Mauritania,2020,4.511167168,4.374599934,129.0,8.2339,0.7908,57.0102,0.5515,-0.106,0.7462
936,Mauritius,2015,621.9729064,5.477,71.0,9.665,0.8004,64.356,0.8482,0.1831,0.8467
937,Mauritius,2016,622.4004926,5.648,66.0,1.1437,0.757,0.6619,0.4614,0.3695,0.052
938,Mauritius,2017,622.962069,5.629,64.0,1.189,1.21,0.638,0.491,0.361,0.042
939,Mauritius,2018,623.3019704,5.891,55.0,1.09,1.387,0.684,0.584,0.245,0.05
940,Mauritius,2019,623.5029557,5.888,57.0,1.12,1.402,0.798,0.498,0.215,0.06
941,Mauritius,2020,623.5172414,6.101299763,49.0,9.9568,0.9104,66.4043,0.8895,-0.0183,0.8053
942,Mexico,2015,62.68589779,7.187,14.0,9.7046,0.7708,68.1482,0.7734,-0.1175,0.6284
943,Mexico,2016,63.444728,6.778,21.0,1.1151,0.7146,0.7114,0.3771,0.1174,0.1835
944,Mexico,2017,64.1875182,6.578,25.0,1.153,1.211,0.71,0.413,0.121,0.133
945,Mexico,2018,64.91462332,6.488,24.0,1.038,1.252,0.761,0.479,0.069,0.095
946,Mexico,2019,65.62696006,6.595,23.0,1.07,1.323,0.861,0.433,0.074,0.073
947,Mexico,2020,66.32513851,6.465000153,24.0,9.7978,0.8387,68.299,0.8587,-0.1753,0.8068
978,Moldova,2015,98.70564474,5.889,52.0,8.3984,0.813,61.059,0.6276,-0.0301,0.9401
979,Moldova,2016,97.57878608,5.897,55.0,0.6918,0.8313,0.5231,0.252,0.2,0.019
980,Moldova,2017,95.90830926,5.838,56.0,0.729,1.252,0.589,0.241,0.209,0.01
981,Moldova,2018,94.2895938,5.64,67.0,0.657,1.301,0.62,0.232,0.171,0.0
982,Moldova,2019,92.7241551,5.529,71.0,0.685,1.328,0.739,0.245,0.181,0.0
983,Moldova,2020,91.14242244,5.607500076,70.0,8.7767,0.8433,65.013,0.7216,-0.0377,0.9133
990,Mongolia,2015,1.925460011,4.874,100.0,9.1149,0.9326,60.4963,0.7302,0.1258,0.9235
991,Mongolia,2016,1.962656864,4.907,101.0,0.9885,1.0898,0.5547,0.3597,0.3454,0.0329
992,Mongolia,2017,1.99953585,4.955,100.0,1.027,1.493,0.558,0.394,0.338,0.033
993,Mongolia,2018,2.035770635,5.125,94.0,0.914,1.517,0.575,0.395,0.253,0.032
994,Mongolia,2019,2.071058369,5.285,83.0,0.948,1.531,0.667,0.317,0.235,0.038
995,Mongolia,2020,2.105173526,5.456200123,81.0,9.4122,0.9371,62.3045,0.6934,0.0981,0.8635
996,Montenegro,2015,46.25717472,5.192,83.0,9.5631,0.767,64.9238,0.4895,-0.0912,0.7395
997,Montenegro,2016,46.26788104,5.161,88.0,1.0784,0.7417,0.6353,0.1511,0.1719,0.1272
998,Montenegro,2017,46.2730855,5.237,83.0,1.121,1.238,0.667,0.195,0.198,0.088
999,Montenegro,2018,46.26223048,5.347,81.0,1.017,1.279,0.729,0.259,0.111,0.081
1000,Montenegro,2019,46.24743494,5.523,73.0,1.051,1.361,0.871,0.197,0.142,0.08
1001,Montenegro,2020,46.22438662,5.54610014,72.0,9.7519,0.8553,68.5053,0.6496,-0.0756,0.7831
1002,Morocco,2015,77.66885055,5.013,92.0,8.8286,0.6561,60.744,0.7118,-0.2051,0.8304
1003,Morocco,2016,78.70552095,5.151,90.0,0.8406,0.386,0.5947,0.2565,0.0405,0.084
1004,Morocco,2017,79.72497647,5.235,84.0,0.878,0.775,0.598,0.408,0.032,0.088
1005,Morocco,2018,80.72840914,5.254,85.0,0.779,0.797,0.669,0.46,0.026,0.074
1006,Morocco,2019,81.72029128,5.208,89.0,0.801,0.782,0.782,0.418,0.036,0.076
1007,Morocco,2020,82.70346852,5.094799995,97.0,8.9403,0.5926,65.8962,0.7721,-0.2404,0.8157
1008,Mozambique,2015,34.3879562,4.971,94.0,6.8305,0.8176,42.018,0.6392,-0.0134,0.7188
1010,Mozambique,2017,36.43150512,4.55,113.0,0.234,0.871,0.107,0.481,0.322,0.179
1011,Mozambique,2018,37.50859508,4.417,123.0,0.198,0.902,0.173,0.531,0.206,0.158
1012,Mozambique,2019,38.61497368,4.466,123.0,0.204,0.986,0.39,0.494,0.197,0.138
1013,Mozambique,2020,39.74596887,4.623600006,120.0,7.0693,0.7239,54.2058,0.8645,0.0324,0.683
1014,Myanmar,2015,80.66503951,4.307,129.0,7.4069,0.6846,56.1521,0.7339,0.7146,0.6645
1015,Myanmar,2016,81.2231258,4.395,119.0,0.3411,0.6998,0.3988,0.4269,0.8197,0.2024
1016,Myanmar,2017,81.77594785,4.545,114.0,0.367,1.123,0.398,0.514,0.838,0.189
1017,Myanmar,2018,82.27503179,4.308,130.0,0.682,1.174,0.429,0.58,0.598,0.178
1018,Myanmar,2019,82.79143676,4.36,131.0,0.71,1.181,0.555,0.525,0.566,0.172
1019,Myanmar,2020,83.3496132,4.308000088,133.0,8.6805,0.7844,58.9617,0.8951,0.5607,0.6451
1021,Namibia,2016,2.864171799,4.574,113.0,0.9329,0.7036,0.3475,0.4861,0.0779,0.104
1022,Namibia,2017,2.918319183,4.574,111.0,0.964,1.098,0.339,0.52,0.077,0.093
1023,Namibia,2018,2.97380024,4.441,119.0,0.874,1.281,0.365,0.519,0.051,0.064
1024,Namibia,2019,3.029945706,4.639,113.0,0.879,1.313,0.477,0.401,0.07,0.056
1025,Namibia,2020,3.08629523,4.571100235,122.0,9.2031,0.8469,56.5015,0.7675,-0.1853,0.8514
1032,Nepal,2015,188.455061,4.514,121.0,7.6794,0.7498,59.2698,0.6795,0.1139,0.8722
1033,Nepal,2016,190.1878619,4.793,107.0,0.4463,0.697,0.5007,0.3701,0.3816,0.0701
1034,Nepal,2017,192.7637391,4.962,99.0,0.48,1.179,0.504,0.44,0.394,0.073
1035,Nepal,2018,195.9938054,4.88,101.0,0.425,1.228,0.539,0.526,0.302,0.078
1036,Nepal,2019,199.5724799,4.913,100.0,0.446,1.226,0.677,0.439,0.285,0.089
1037,Nepal,2020,203.2564213,5.137199879,92.0,7.9254,0.7855,63.7792,0.7976,0.1542,0.7381
1038,Netherlands,2015,503.1162162,7.378,7.0,10.6517,0.9241,70.9809,0.9005,0.3085,0.4622
1039,Netherlands,2016,505.8008316,7.339,7.0,1.4647,1.0291,0.8123,0.5521,0.4742,0.2993
1040,Netherlands,2017,508.8,7.377,6.0,1.504,1.429,0.811,0.585,0.47,0.283
1041,Netherlands,2018,511.7797446,7.441,6.0,1.361,1.488,0.878,0.638,0.333,0.295
1042,Netherlands,2019,515.1432729,7.488,5.0,1.396,1.522,0.999,0.557,0.322,0.298
1043,Netherlands,2020,518.0023463,7.448900223,6.0,10.8127,0.9391,72.3009,0.9085,0.2076,0.3647
1050,New Zealand,2015,17.50560176,7.286,9.0,10.4087,0.9406,71.5422,0.9229,0.3071,0.2865
1051,New Zealand,2016,17.90323193,7.334,8.0,1.3607,1.1728,0.831,0.5815,0.494,0.419
1052,New Zealand,2017,18.28111352,7.314,8.0,1.406,1.548,0.817,0.614,0.5,0.383
1053,New Zealand,2018,18.61152254,7.324,8.0,1.268,1.601,0.876,0.669,0.365,0.389
1054,New Zealand,2019,18.91040978,7.307,8.0,1.303,1.557,1.026,0.585,0.33,0.38
1055,New Zealand,2020,19.30917929,7.299600124,8.0,10.5009,0.9491,73.2026,0.9362,0.1916,0.2211
1056,Nicaragua,2015,51.71376101,5.828,57.0,8.3946,0.8661,65.5718,0.8426,0.057,0.66
1057,Nicaragua,2016,52.38466013,5.992,48.0,0.6938,0.8952,0.6521,0.4658,0.2977,0.1629
1058,Nicaragua,2017,53.05669769,6.071,43.0,0.737,1.287,0.653,0.448,0.302,0.131
1059,Nicaragua,2018,53.72695696,6.141,41.0,0.668,1.319,0.7,0.527,0.208,0.128
1060,Nicaragua,2019,54.39174838,6.105,45.0,0.694,1.325,0.835,0.435,0.2,0.127
1061,Nicaragua,2020,55.0486455,6.13710022,46.0,8.4932,0.8575,67.5072,0.8639,0.021,0.666
1062,Niger,2015,15.79037104,3.845,144.0,6.7886,0.7113,49.4531,0.7687,-0.05,0.7182
1063,Niger,2016,16.41176995,3.856,142.0,0.1327,0.6053,0.2616,0.3804,0.2097,0.1718
1064,Niger,2017,17.05406805,4.028,135.0,0.162,0.993,0.269,0.364,0.229,0.139
1065,Niger,2018,17.71755822,4.166,134.0,0.131,0.867,0.221,0.39,0.175,0.099
1066,Niger,2019,18.40271493,4.628,114.0,0.138,0.774,0.366,0.318,0.188,0.102
1067,Niger,2020,19.10999921,4.909599781,103.0,6.8422,0.6174,53.5001,0.7598,0.0139,0.7225
1068,Nigeria,2015,198.8838609,5.268,78.0,8.5819,0.7665,44.5024,0.642,0.0496,0.9019
1069,Nigeria,2016,204.1791495,4.875,103.0,0.7522,0.645,0.0511,0.2785,0.2322,0.0305
1070,Nigeria,2017,209.5734895,5.074,95.0,0.784,1.216,0.057,0.395,0.231,0.026
1071,Nigeria,2018,215.0649286,5.155,91.0,0.689,1.172,0.048,0.462,0.201,0.032
1072,Nigeria,2019,220.6524183,5.265,85.0,0.696,1.111,0.245,0.426,0.215,0.041
1073,Nigeria,2020,226.335504,4.724100113,115.0,8.5766,0.7372,49.8619,0.7596,0.0337,0.8619
1092,Norway,2015,14.20793848,7.522,4.0,11.0489,0.9454,70.7053,0.9517,0.1445,0.388
1093,Norway,2016,14.33542438,7.498,4.0,1.5774,1.1269,0.7958,0.5961,0.3789,0.3578
1094,Norway,2017,14.45257784,7.537,1.0,1.616,1.534,0.797,0.635,0.362,0.316
1095,Norway,2018,14.54889562,7.594,2.0,1.456,1.582,0.861,0.686,0.286,0.34
1096,Norway,2019,14.64744184,7.554,3.0,1.488,1.582,1.028,0.603,0.271,0.341
1097,Norway,2020,14.7339341,7.487999916,5.0,11.0878,0.9525,73.2008,0.9558,0.1345,0.2632
1110,Oman,2015,13.7878546,6.853,22.0,10.7457,0.8409,66.2806,0.9166,-0.0226,0.451
1128,Pakistan,2015,258.7003853,5.194,81.0,8.4013,0.561,57.3156,0.4311,0.1314,0.8001
1129,Pakistan,2016,264.1544157,5.132,92.0,0.6882,0.2614,0.4031,0.1462,0.3118,0.1388
1130,Pakistan,2017,269.6998366,5.269,80.0,0.727,0.673,0.402,0.235,0.315,0.124
1131,Pakistan,2018,275.3065172,5.472,75.0,0.652,0.81,0.424,0.334,0.216,0.113
1132,Pakistan,2019,280.9325926,5.653,67.0,0.677,0.886,0.535,0.313,0.22,0.098
1133,Pakistan,2020,286.5456764,5.69329977,66.0,8.4827,0.6891,58.2531,0.7348,0.0449,0.7457
1140,Panama,2015,53.54141932,6.786,25.0,9.8364,0.8898,67.5036,0.8306,0.0141,0.819
1141,Panama,2016,54.46671614,6.701,25.0,1.1831,0.9891,0.7083,0.4893,0.2418,0.0842
1142,Panama,2017,55.40696168,6.452,30.0,1.234,1.373,0.706,0.55,0.211,0.071
1143,Panama,2018,56.30947598,6.43,27.0,1.112,1.438,0.759,0.597,0.125,0.063
1144,Panama,2019,57.24739475,6.321,31.0,1.149,1.442,0.91,0.516,0.109,0.054
1145,Panama,2020,58.16854281,6.304800034,36.0,10.0342,0.9021,69.603,0.8804,-0.1539,0.8516
1152,Paraguay,2015,16.83550466,5.878,53.0,8.9054,0.9344,62.6028,0.8276,0.1386,0.8353
1153,Paraguay,2016,17.05984898,5.538,70.0,0.8937,1.1111,0.583,0.4624,0.253,0.074
1154,Paraguay,2017,17.28431412,5.493,70.0,0.933,1.507,0.579,0.474,0.224,0.091
1155,Paraguay,2018,17.50835389,5.681,64.0,0.835,1.522,0.615,0.541,0.162,0.074
1156,Paraguay,2019,17.73128366,5.743,63.0,0.855,1.475,0.777,0.514,0.184,0.08
1157,Paraguay,2020,17.9525044,5.692100048,67.0,9.39,0.8987,65.6399,0.8859,0.008,0.8348
1158,Peru,2015,23.80526484,5.824,58.0,9.3356,0.796,65.1028,0.71,-0.106,0.8709
1159,Peru,2016,24.16096563,5.743,64.0,0.996,0.8126,0.6299,0.375,0.1453,0.0529
1160,Peru,2017,24.56585859,5.715,63.0,1.035,1.219,0.63,0.45,0.127,0.047
1161,Peru,2018,24.99161328,5.663,65.0,0.934,1.249,0.674,0.53,0.092,0.034
1162,Peru,2019,25.39879844,5.697,65.0,0.96,1.274,0.854,0.455,0.083,0.027
1163,Peru,2020,25.75925469,5.796800137,63.0,9.4563,0.8311,68.1002,0.8248,-0.1624,0.8937
1164,Philippines,2015,342.4663984,5.073,90.0,8.7382,0.8214,59.7178,0.9097,0.0212,0.7714
1165,Philippines,2016,347.6668075,5.279,82.0,0.8122,0.8788,0.4704,0.5485,0.2167,0.1176
1166,Philippines,2017,352.7280444,5.43,72.0,0.858,1.254,0.468,0.585,0.194,0.099
1167,Philippines,2018,357.6865345,5.524,71.0,0.775,1.312,0.513,0.643,0.12,0.105
1168,Philippines,2019,362.6006037,5.631,69.0,0.807,1.293,0.657,0.558,0.117,0.107
1169,Philippines,2020,367.5121072,6.006000042,52.0,8.9935,0.8467,61.9268,0.9155,-0.1055,0.7336
1170,Poland,2015,124.0615696,5.791,60.0,10.0266,0.9238,66.8685,0.8203,-0.0834,0.899
1171,Poland,2016,124.008253,5.835,57.0,1.2458,1.0468,0.6906,0.4519,0.1444,0.055
1172,Poland,2017,124.0237304,5.973,46.0,1.292,1.446,0.699,0.52,0.158,0.059
1173,Poland,2018,124.0315838,6.123,42.0,1.176,1.448,0.781,0.546,0.108,0.064
1174,Poland,2019,124.0012901,6.182,40.0,1.206,1.438,0.884,0.483,0.117,0.05
1175,Poland,2020,123.9533658,6.186299801,43.0,10.2651,0.8743,69.3111,0.8621,-0.2051,0.6869
1176,Portugal,2015,113.0725196,5.102,88.0,10.1319,0.865,70.3432,0.8046,-0.122,0.9486
1177,Portugal,2016,112.7163842,5.123,94.0,1.2761,0.9437,0.7936,0.4473,0.1169,0.0152
1178,Portugal,2017,112.4418158,5.195,89.0,1.315,1.367,0.796,0.498,0.095,0.016
1179,Portugal,2018,112.261936,5.41,77.0,1.188,1.429,0.884,0.562,0.055,0.017
1180,Portugal,2019,112.2885828,5.693,66.0,1.221,1.431,0.999,0.508,0.047,0.025
1181,Portugal,2020,112.4992795,5.910900116,59.0,10.2637,0.8866,72.402,0.8887,-0.2207,0.8926
1195,Puerto Rico,2016,384.0667418,7.039,15.0,1.3594,1.0811,0.7776,0.4682,0.222,0.1228
1200,Qatar,2015,223.2992167,6.611,28.0,11.7584,0.8396,67.5299,0.9238,0.1175,0.1395
1201,Qatar,2016,231.0164491,6.375,36.0,1.8243,0.8796,0.7172,0.5668,0.3239,0.4805
1202,Qatar,2017,237.1389904,6.375,35.0,1.871,1.274,0.71,0.604,0.33,0.439
1203,Qatar,2018,242.0959095,6.374,32.0,1.649,1.303,0.748,0.654,0.256,0.171
1204,Qatar,2019,246.4813751,6.374,29.0,1.684,1.313,0.871,0.555,0.22,0.167
1206,Romania,2015,86.12489569,5.124,86.0,9.7749,0.7588,66.5025,0.649,-0.1216,0.9554
1207,Romania,2016,85.63224531,5.528,71.0,1.1697,0.728,0.676,0.3671,0.1289,0.0068
1208,Romania,2017,85.13871262,5.825,57.0,1.218,1.15,0.685,0.457,0.134,0.004
1209,Romania,2018,84.63999478,5.945,52.0,1.116,1.219,0.726,0.528,0.088,0.001
1210,Romania,2019,84.19527121,6.07,48.0,1.162,1.232,0.825,0.462,0.083,0.005
1211,Romania,2020,83.82355268,6.123700142,47.0,10.1076,0.8252,67.2072,0.8428,-0.1978,0.9343
1218,Rwanda,2015,460.8458046,3.465,154.0,7.2566,0.7117,54.2074,0.8779,-0.0088,0.0923
1219,Rwanda,2016,472.9967167,3.515,152.0,0.3285,0.6159,0.3187,0.5432,0.2355,0.5052
1220,Rwanda,2017,485.6489664,3.471,151.0,0.369,0.946,0.326,0.582,0.253,0.455
1221,Rwanda,2018,498.6610863,3.408,151.0,0.332,0.896,0.4,0.636,0.2,0.444
1222,Rwanda,2019,511.8337252,3.334,152.0,0.359,0.711,0.614,0.555,0.217,0.411
1223,Rwanda,2020,525.0186056,3.312299967,150.0,7.6001,0.5408,61.0988,0.9006,0.0555,0.1835
1242,Saudi Arabia,2015,14.75453484,6.411,35.0,10.8539,0.8418,64.7446,0.6109,-0.1222,0.451
1243,Saudi Arabia,2016,15.09214957,6.379,34.0,1.4895,0.8483,0.5927,0.379,0.1546,0.3001
1244,Saudi Arabia,2017,15.39811926,6.344,37.0,1.531,1.287,0.59,0.45,0.148,0.273
1245,Saudi Arabia,2018,15.67796147,6.371,33.0,1.379,1.331,0.633,0.509,0.098,0.127
1246,Saudi Arabia,2019,15.94114919,6.375,28.0,1.403,1.357,0.795,0.439,0.08,0.132
1247,Saudi Arabia,2020,16.19483135,6.406499863,27.0,10.7978,0.8741,66.3051,0.8542,-0.1687,0.6826
1248,Senegal,2015,75.72040721,3.904,142.0,7.6948,0.7966,54.4516,0.6652,-0.0315,0.7961
1249,Senegal,2016,77.87624786,4.219,128.0,0.4431,0.7742,0.4046,0.3106,0.191,0.1168
1250,Senegal,2017,80.088059,4.535,115.0,0.479,1.18,0.409,0.378,0.183,0.115
1251,Senegal,2018,82.34729133,4.631,109.0,0.429,1.117,0.433,0.406,0.138,0.082
1252,Senegal,2019,84.64323482,4.681,111.0,0.45,1.134,0.571,0.292,0.153,0.072
1253,Senegal,2020,86.96790111,4.980800152,101.0,8.119,0.7236,59.5992,0.6906,-0.0523,0.8088
1254,Serbia,2015,81.12717814,5.123,87.0,9.398,0.8107,65.7602,0.5071,-0.052,0.9243
1255,Serbia,2016,80.70343014,5.177,86.0,1.0344,0.8133,0.6458,0.1572,0.2074,0.0434
1256,Serbia,2017,80.27507432,5.395,73.0,1.069,1.258,0.651,0.209,0.22,0.041
1257,Serbia,2018,79.8376858,5.398,78.0,0.975,1.369,0.685,0.288,0.134,0.043
1258,Serbia,2019,79.41041619,5.603,70.0,1.004,1.383,0.854,0.282,0.137,0.039
1259,Serbia,2020,78.98723988,5.77820015,64.0,9.681,0.8815,68.2102,0.7265,-0.0737,0.8435
1266,Sierra Leone,2015,99.36144361,4.507,123.0,7.5883,0.788,38.7185,0.7037,-0.0233,0.8266
1267,Sierra Leone,2016,101.5356886,4.635,111.0,0.3649,0.628,0.0,0.3069,0.239,0.082
1268,Sierra Leone,2017,103.7465641,4.709,106.0,0.368,0.984,0.006,0.319,0.293,0.071
1269,Sierra Leone,2018,105.9871017,4.571,113.0,0.256,0.813,0.0,0.355,0.238,0.053
1270,Sierra Leone,2019,108.2461485,4.374,129.0,0.268,0.841,0.242,0.309,0.252,0.045
1271,Sierra Leone,2020,110.5151704,3.926399946,139.0,7.2688,0.6361,50.8651,0.7153,0.0887,0.8613
1272,Singapore,2015,7806.77292,6.798,24.0,11.2416,0.815,75.7655,0.831,0.0988,0.187
1273,Singapore,2016,7908.720733,6.739,22.0,1.6455,0.8676,0.9472,0.4877,0.3271,0.4699
1274,Singapore,2017,7915.730606,6.572,26.0,1.692,1.354,0.949,0.55,0.346,0.464
1275,Singapore,2018,7952.99859,6.343,34.0,1.529,1.451,1.008,0.631,0.261,0.457
1276,Singapore,2019,8044.526093,6.262,34.0,1.572,1.463,1.141,0.556,0.271,0.453
1277,Singapore,2020,8019.473907,6.377099991,31.0,11.3955,0.9103,76.8046,0.9266,0.0299,0.1098
1290,Slovenia,2015,102.4461092,5.848,55.0,10.2088,0.9214,70.2775,0.8936,0.0255,0.9057
1291,Slovenia,2016,102.5241783,5.768,63.0,1.2995,1.0561,0.7915,0.5316,0.2574,0.0363
1292,Slovenia,2017,102.6108719,5.758,62.0,1.341,1.453,0.791,0.573,0.243,0.045
1293,Slovenia,2018,102.9922926,5.948,51.0,1.219,1.506,0.856,0.633,0.16,0.051
1294,Slovenia,2019,103.7119346,6.118,44.0,1.258,1.523,0.953,0.564,0.144,0.057
1295,Slovenia,2020,104.295008,6.363399982,33.0,10.3923,0.9396,71.103,0.9361,-0.0806,0.8171
1309,Somalia,2016,22.61235534,5.44,76.0,0.0,0.3361,0.1147,0.5678,0.2722,0.3118
1310,Somalia,2017,23.25559505,5.151,93.0,0.023,0.721,0.114,0.602,0.292,0.282
1311,Somalia,2018,23.92359008,4.982,98.0,0.0,0.712,0.115,0.674,0.238,0.282
1312,Somalia,2019,24.61648548,4.668,112.0,0.0,0.698,0.268,0.559,0.243,0.27
1314,South Africa,2015,45.65726286,4.642,113.0,9.3979,0.884,48.7233,0.6313,-0.1442,0.8251
1315,South Africa,2016,46.33427775,4.459,116.0,1.0242,0.9605,0.1861,0.4248,0.1366,0.0842
1316,South Africa,2017,46.99548343,4.829,101.0,1.055,1.385,0.187,0.479,0.139,0.073
1317,South Africa,2018,47.64075213,4.724,105.0,0.94,1.41,0.33,0.516,0.103,0.056
1318,South Africa,2019,48.27198889,4.722,106.0,0.96,1.351,0.469,0.389,0.13,0.055
1319,South Africa,2020,48.89059344,4.814099789,109.0,9.4034,0.8525,56.506,0.7593,-0.1098,0.8434
1333,South Sudan,2016,17.14155227,3.832,143.0,0.3939,0.1852,0.1578,0.1966,0.259,0.1302
1334,South Sudan,2017,17.26541057,3.591,147.0,0.397,0.601,0.163,0.147,0.286,0.117
1335,South Sudan,2018,17.36894371,3.254,154.0,0.337,0.608,0.177,0.112,0.224,0.106
1336,South Sudan,2019,17.50533581,2.853,156.0,0.306,0.575,0.295,0.01,0.202,0.091
1337,South Sudan,2020,17.71361108,2.816600084,152.0,7.4254,0.5537,51.0,0.4513,0.0165,0.7634
1338,Spain,2015,92.95268592,6.329,36.0,10.3472,0.9382,73.2497,0.7522,-0.0647,0.8644
1339,Spain,2016,93.04926296,6.361,37.0,1.3425,1.1294,0.879,0.3754,0.1766,0.0614
1340,Spain,2017,93.27091015,6.403,34.0,1.384,1.532,0.889,0.409,0.19,0.071
1341,Spain,2018,93.66979208,6.31,36.0,1.251,1.538,0.965,0.449,0.142,0.074
1342,Spain,2019,94.34185906,6.354,30.0,1.286,1.484,1.062,0.362,0.153,0.079
1343,Spain,2020,94.77829717,6.400899887,28.0,10.4629,0.9211,74.4027,0.752,-0.051,0.7659
1344,Sri Lanka,2015,338.8105278,4.271,132.0,9.1365,0.8146,64.3041,0.826,0.2223,0.8204
1345,Sri Lanka,2016,342.5750893,4.415,117.0,0.9732,0.8478,0.6201,0.5082,0.4698,0.0796
1346,Sri Lanka,2017,346.468906,4.44,120.0,1.01,1.26,0.625,0.561,0.491,0.074
1347,Sri Lanka,2018,350.284495,4.471,116.0,0.918,1.314,0.672,0.585,0.307,0.05
1348,Sri Lanka,2019,352.4343722,4.366,130.0,0.949,1.265,0.831,0.47,0.244,0.047
1349,Sri Lanka,2020,354.309453,4.327000141,130.0,9.39,0.8254,67.2001,0.8376,0.0811,0.859
1392,Sudan,2015,21.03599785,4.55,118.0,8.1733,0.8125,52.0443,0.4119,-0.0541,0.7337
1393,Sudan,2016,21.54800278,4.139,133.0,0.6307,0.8193,0.2976,0.0,0.1808,0.1004
1394,Sudan,2017,22.07037546,4.139,130.0,0.66,1.214,0.291,0.015,0.182,0.09
1395,Sudan,2018,22.60478579,4.139,137.0,0.605,1.24,0.312,0.016,0.134,0.082
1398,Suriname,2015,3.584205128,6.269,40.0,9.6274,0.7949,60.6955,0.8823,-0.0804,0.7499
1399,Suriname,2016,3.621044872,6.269,40.0,1.0969,0.7787,0.5093,0.5223,0.1666,0.1269
1404,Sweden,2015,24.05829958,7.364,8.0,10.6586,0.9278,71.6323,0.9422,0.1643,0.2719
1405,Sweden,2016,24.36248803,7.291,10.0,1.4518,1.0876,0.8312,0.5822,0.3825,0.4087
1406,Sweden,2017,24.69298078,7.284,9.0,1.494,1.478,0.831,0.613,0.385,0.384
1407,Sweden,2018,24.98149812,7.314,9.0,1.355,1.501,0.913,0.659,0.285,0.383
1408,Sweden,2019,25.23602907,7.343,7.0,1.387,1.487,1.009,0.574,0.267,0.373
1409,Sweden,2020,25.41907147,7.353499889,7.0,10.7588,0.9263,72.6008,0.9391,0.1116,0.2509
1410,Switzerland,2015,209.5958526,7.587,1.0,10.8573,0.9531,72.7369,0.9477,0.0807,0.3014
1411,Switzerland,2016,211.8972478,7.509,2.0,1.5273,1.1452,0.863,0.5856,0.2808,0.412
1412,Switzerland,2017,213.883834,7.494,4.0,1.565,1.517,0.858,0.62,0.291,0.367
1413,Switzerland,2018,215.4651922,7.487,5.0,1.42,1.549,0.927,0.66,0.256,0.357
1414,Switzerland,2019,217.0076296,7.48,6.0,1.452,1.526,1.052,0.572,0.263,0.343
1415,Switzerland,2020,218.5668955,7.559899807,3.0,10.9799,0.9428,74.1024,0.9213,0.1059,0.3037
1422,Tajikistan,2015,60.91230636,4.786,106.0,7.7729,0.7461,59.4521,0.7642,-0.0044,0.7272
1423,Tajikistan,2016,62.4221846,4.996,100.0,0.4883,0.756,0.5312,0.4341,0.26,0.1351
1424,Tajikistan,2017,63.98350025,5.041,96.0,0.525,1.271,0.529,0.472,0.249,0.146
1425,Tajikistan,2018,65.57278622,5.352,80.0,0.474,1.179,0.598,0.503,0.214,0.136
1426,Tajikistan,2019,67.15918294,5.467,74.0,0.493,1.098,0.718,0.389,0.23,0.144
1427,Tajikistan,2020,68.71995101,5.555699825,71.0,8.0248,0.8353,64.1046,0.8314,-0.0251,0.5921
1428,Tanzania,2015,58.11993452,3.781,146.0,7.4502,0.8077,52.5274,0.6282,0.1404,0.8747
1429,Tanzania,2016,59.8884974,3.666,149.0,0.4715,0.7762,0.357,0.3176,0.3147,0.051
1430,Tanzania,2017,61.70732107,3.349,153.0,0.511,1.042,0.365,0.39,0.354,0.066
1431,Tanzania,2018,63.57354256,3.303,153.0,0.455,0.991,0.381,0.481,0.27,0.097
1432,Tanzania,2019,65.48369948,3.231,153.0,0.476,0.885,0.499,0.417,0.276,0.147
1433,Tanzania,2020,67.43532739,3.476200104,148.0,7.9677,0.6889,57.4961,0.8215,0.1097,0.6198
1434,Thailand,2015,134.4996359,6.455,34.0,9.5402,0.9177,65.4039,0.8444,0.4357,0.9152
1435,Thailand,2016,135.0022764,6.474,33.0,1.0893,1.0448,0.6492,0.4955,0.587,0.0283
1436,Thailand,2017,135.4691166,6.424,32.0,1.128,1.426,0.647,0.58,0.572,0.032
1437,Thailand,2018,135.8970698,6.072,46.0,1.016,1.417,0.707,0.637,0.364,0.029
1438,Thailand,2019,136.28292,6.008,52.0,1.05,1.409,0.828,0.557,0.359,0.028
1439,Thailand,2020,136.6242792,5.998799801,54.0,9.7418,0.89,67.2506,0.9051,0.2687,0.8863
1446,Togo,2015,134.6416988,2.839,158.0,7.2156,0.4461,48.9963,0.6621,-0.0844,0.7959
1447,Togo,2016,138.0759698,3.303,155.0,0.2812,0.0,0.2481,0.3468,0.1752,0.1159
1448,Togo,2017,141.5421217,3.495,150.0,0.305,0.432,0.247,0.38,0.197,0.096
1449,Togo,2018,145.0467917,3.999,139.0,0.259,0.474,0.253,0.434,0.158,0.101
1450,Togo,2019,148.6000919,4.085,139.0,0.275,0.572,0.41,0.293,0.177,0.085
1451,Togo,2020,152.2106453,4.187200069,135.0,7.3577,0.5513,54.7199,0.6498,0.0027,0.7577
1458,Trinidad and Tobago,2015,267.1212476,6.168,41.0,10.2911,0.8836,60.9353,0.8465,0.1082,0.9476
1459,Trinidad and Tobago,2016,268.5307992,6.168,43.0,1.3257,0.9857,0.5261,0.4845,0.3193,0.0124
1460,Trinidad and Tobago,2017,269.797271,6.168,38.0,1.361,1.38,0.52,0.519,0.325,0.009
1462,Trinidad and Tobago,2019,271.9237817,6.192,39.0,1.231,1.477,0.713,0.489,0.185,0.016
1463,Trinidad and Tobago,2020,272.8052632,6.191899776,42.0,10.26,0.9153,63.5,0.8579,0.0005,0.9122
1464,Tunisia,2015,71.96157956,4.739,107.0,9.2772,0.6407,65.3832,0.5655,-0.2146,0.8651
1465,Tunisia,2016,72.75966787,5.045,98.0,0.9772,0.4316,0.5958,0.2355,0.0394,0.0817
1466,Tunisia,2017,73.59319001,4.805,102.0,1.007,0.868,0.613,0.29,0.05,0.087
1467,Tunisia,2018,74.44131694,4.592,111.0,0.9,0.906,0.69,0.271,0.04,0.063
1468,Tunisia,2019,75.27498069,4.461,124.0,0.921,1.0,0.815,0.167,0.059,0.055
1469,Tunisia,2020,76.07246395,4.392199993,128.0,9.315,0.6887,66.8979,0.5934,-0.2164,0.8676
1470,Turkey,2015,102.0352806,5.332,76.0,9.8286,0.7841,65.1591,0.5328,-0.1406,0.7165
1471,Turkey,2016,103.7223965,5.389,78.0,1.1649,0.8772,0.6472,0.2389,0.0471,0.1235
1472,Turkey,2017,105.3966854,5.5,69.0,1.198,1.338,0.638,0.301,0.047,0.1
1473,Turkey,2018,106.986591,5.483,74.0,1.148,1.38,0.686,0.324,0.106,0.109
1474,Turkey,2019,108.4022283,5.373,79.0,1.183,1.36,0.808,0.195,0.083,0.106
1475,Turkey,2020,109.583913,5.131800175,93.0,10.1294,0.8263,66.9028,0.6088,-0.171,0.7482
1476,Turkmenistan,2015,11.84279148,5.548,70.0,9.5143,0.9016,58.19,0.768,-0.0806,0.4776
1477,Turkmenistan,2016,12.04939246,5.658,65.0,1.0802,1.0382,0.4401,0.3741,0.2257,0.2847
1478,Turkmenistan,2017,12.25218011,5.822,59.0,1.131,1.493,0.438,0.418,0.25,0.259
1479,Turkmenistan,2018,12.450582,5.636,68.0,1.016,1.533,0.517,0.417,0.199,0.037
1480,Turkmenistan,2019,12.64463644,5.247,87.0,1.052,1.538,0.657,0.394,0.244,0.028
1481,Turkmenistan,2020,12.83422425,5.119100094,95.0,9.748,0.959,62.2117,0.8265,0.1877,0.8837
1494,Uganda,2015,190.6315929,3.931,141.0,7.2228,0.8624,50.9542,0.7501,0.0729,0.8507
1495,Uganda,2016,197.7317624,3.739,146.0,0.3472,0.9098,0.1962,0.4365,0.271,0.0644
1496,Uganda,2017,205.2991622,4.081,133.0,0.381,1.13,0.218,0.443,0.326,0.057
1497,Uganda,2018,213.0911231,4.161,135.0,0.322,1.09,0.237,0.45,0.259,0.061
1498,Uganda,2019,220.7739228,4.189,136.0,0.332,1.069,0.443,0.356,0.252,0.06
1499,Uganda,2020,228.111909,4.43200016,126.0,7.5004,0.765,55.7082,0.7317,0.0995,0.8367
1500,Ukraine,2015,77.94720434,4.681,111.0,9.0256,0.8916,63.0697,0.5546,-0.1022,0.9188
1501,Ukraine,2016,77.68936629,4.324,123.0,0.8729,1.0141,0.5863,0.1286,0.2036,0.0183
1502,Ukraine,2017,77.38846021,4.096,132.0,0.895,1.395,0.576,0.123,0.27,0.023
1503,Ukraine,2018,77.0150466,4.103,138.0,0.793,1.413,0.609,0.163,0.187,0.011
1504,Ukraine,2019,76.60718502,4.332,133.0,0.82,1.39,0.739,0.178,0.187,0.01
1505,Ukraine,2020,76.17309803,4.56069994,123.0,9.0107,0.8789,64.6068,0.6631,-0.0309,0.9206
1506,United Arab Emirates,2015,130.4265841,6.901,20.0,10.9516,0.8593,67.9605,0.925,0.0394,0.3551
1507,United Arab Emirates,2016,131.8075894,6.573,28.0,1.5735,0.8711,0.7299,0.5621,0.2659,0.3556
1508,United Arab Emirates,2017,133.5849901,6.648,21.0,1.626,1.266,0.727,0.608,0.361,0.324
1509,United Arab Emirates,2018,135.6092087,6.774,20.0,1.467,1.296,0.776,0.67,0.284,0.186
1510,United Arab Emirates,2019,137.5742889,6.825,21.0,1.503,1.31,0.825,0.598,0.262,0.182
1511,United Arab Emirates,2020,139.2621797,6.790800095,21.0,11.11,0.8492,67.0828,0.9413,0.1235,0.5945
1512,United Kingdom,2015,269.1531393,6.867,21.0,10.4583,0.9263,71.5805,0.882,0.3631,0.4582
1513,United Kingdom,2016,271.2007316,6.725,23.0,1.4028,1.0867,0.8099,0.5004,0.5016,0.274
1514,United Kingdom,2017,273.049473,6.714,19.0,1.442,1.496,0.805,0.508,0.493,0.265
1515,United Kingdom,2018,274.7089819,6.814,19.0,1.301,1.559,0.883,0.533,0.354,0.272
1516,United Kingdom,2019,276.2630802,7.054,15.0,1.333,1.538,0.996,0.45,0.348,0.278
1517,United Kingdom,2020,277.8295085,7.164500237,13.0,10.6001,0.9367,72.3016,0.8347,0.2637,0.4359
1518,United States,2015,35.06332868,7.119,15.0,10.8512,0.9102,69.8588,0.8343,0.2131,0.7142
1519,United States,2016,35.31834714,7.104,13.0,1.508,1.0478,0.779,0.4816,0.4108,0.1487
1520,United States,2017,35.54249482,6.993,14.0,1.546,1.42,0.774,0.506,0.393,0.136
1521,United States,2018,35.73009646,6.886,18.0,1.398,1.471,0.819,0.547,0.291,0.133
1522,United States,2019,35.89317567,6.892,19.0,1.433,1.457,0.874,0.454,0.28,0.128
1523,United States,2020,36.01935005,6.939599991,18.0,10.9258,0.9142,68.2995,0.8426,0.1499,0.6997
1530,Uruguay,2015,19.49498914,6.485,32.0,9.8307,0.8942,68.0455,0.889,-0.0011,0.5771
1531,Uruguay,2016,19.56427265,6.545,29.0,1.1816,1.0314,0.7218,0.5439,0.1806,0.2139
1532,Uruguay,2017,19.63572735,6.454,28.0,1.218,1.412,0.719,0.579,0.175,0.178
1533,Uruguay,2018,19.70797623,6.379,31.0,1.093,1.459,0.771,0.625,0.13,0.155
1534,Uruguay,2019,19.77905954,6.293,33.0,1.124,1.465,0.891,0.523,0.127,0.15
1535,Uruguay,2020,19.84760027,6.440100193,26.0,9.9482,0.9228,69.0025,0.8924,-0.1011,0.636
1536,Uzbekistan,2015,71.03844609,6.003,44.0,8.5148,0.9493,60.3169,0.9407,-0.0062,0.4779
1537,Uzbekistan,2016,72.28499187,5.987,49.0,0.7359,1.1681,0.5016,0.6085,0.3433,0.2833
1538,Uzbekistan,2017,73.51238234,5.971,47.0,0.786,1.549,0.498,0.658,0.416,0.247
1539,Uzbekistan,2018,74.80586987,6.096,44.0,0.719,1.584,0.605,0.724,0.328,0.259
1540,Uzbekistan,2019,76.22283256,6.174,41.0,0.745,1.529,0.756,0.631,0.322,0.24
1541,Uzbekistan,2020,77.70210303,6.257599831,38.0,8.7404,0.9266,65.1076,0.975,0.2484,0.5015
1554,Vietnam,2015,298.8908376,5.36,75.0,8.5139,0.7698,65.7024,0.8802,-0.0821,0.8004
1555,Vietnam,2016,301.9977263,5.061,96.0,0.7404,0.7912,0.6616,0.5595,0.2508,0.1156
1556,Vietnam,2017,305.0944722,5.074,94.0,0.789,1.277,0.652,0.571,0.235,0.088
1557,Vietnam,2018,308.1431902,5.103,95.0,0.715,1.365,0.702,0.618,0.177,0.079
1558,Vietnam,2019,311.0978424,5.175,94.0,0.741,1.346,0.851,0.543,0.147,0.073
1559,Vietnam,2020,313.9245428,5.353499889,83.0,8.8095,0.85,67.9527,0.9396,-0.0945,0.7964
1584,Zambia,2015,21.36075277,5.129,85.0,8.0179,0.7714,49.5316,0.7795,-0.0474,0.7684
1585,Zambia,2016,22.01193048,4.795,106.0,0.612,0.6376,0.2357,0.4266,0.1787,0.1148
1586,Zambia,2017,22.67128694,4.514,116.0,0.636,1.003,0.258,0.462,0.25,0.078
1587,Zambia,2018,23.34133362,4.377,125.0,0.562,1.047,0.295,0.503,0.221,0.082
1588,Zambia,2019,24.02646525,4.107,138.0,0.578,1.058,0.426,0.431,0.247,0.087
1589,Zambia,2020,24.72989413,3.759399891,141.0,8.2247,0.6988,55.2994,0.8065,0.078,0.8013
1590,Zimbabwe,2015,35.71059067,4.61,115.0,7.4066,0.8203,50.8145,0.5616,-0.0551,0.8378
1591,Zimbabwe,2016,36.26816079,4.193,131.0,0.3504,0.7148,0.1595,0.2543,0.185,0.0858
1592,Zimbabwe,2017,36.80134161,3.875,138.0,0.376,1.083,0.197,0.336,0.189,0.095
1593,Zimbabwe,2018,37.32405842,3.692,144.0,0.357,1.094,0.248,0.406,0.132,0.099
1594,Zimbabwe,2019,37.85827323,3.663,146.0,0.366,1.114,0.433,0.361,0.151,0.089
1595,Zimbabwe,2020,38.42038775,3.299200058,151.0,7.8657,0.7631,55.6173,0.7115,-0.0721,0.8102
