Country,Score,Rank,Year,Logged GDP per capita,Social support,Healthy life expectancy,Freedom to make life choices,Generosity,Perceptions of corruption
Switzerland,7.5870,1,2015,10.8573,0.9531,72.7369,0.9477,0.0807,0.3014
Iceland,7.5610,2,2015,10.5685,0.9752,72.9686,0.9128,0.2579,0.7418
Denmark,7.5270,3,2015,10.6395,0.9578,70.3234,0.9324,0.1374,0.2004
Norway,7.5220,4,2015,11.0489,0.9454,70.7053,0.9517,0.1445,0.3880
Canada,7.4270,5,2015,10.6420,0.9419,71.4432,0.9168,0.2856,0.4441
Finland,7.4060,6,2015,10.5315,0.9400,70.8462,0.9251,0.0003,0.3110
Netherlands,7.3780,7,2015,10.6517,0.9241,70.9809,0.9005,0.3085,0.4622
Sweden,7.3640,8,2015,10.6586,0.9278,71.6323,0.9422,0.1643,0.2719
New Zealand,7.2860,9,2015,10.4087,0.9406,71.5422,0.9229,0.3071,0.2865
Australia,7.2840,10,2015,10.6644,0.9363,72.3800,0.9341,0.2570,0.4017
Israel,7.2780,11,2015,10.3424,0.9005,71.7409,0.7083,0.1251,0.8425
Costa Rica,7.2260,12,2015,9.5061,0.9063,69.8042,0.9175,0.0276,0.7982
Austria,7.2000,13,2015,10.6756,0.9311,70.8936,0.9086,0.1240,0.6701
Mexico,7.1870,14,2015,9.7046,0.7708,68.1482,0.7734,-0.1175,0.6284
United States,7.1190,15,2015,10.8512,0.9102,69.8588,0.8343,0.2131,0.7142
Brazil,6.9830,16,2015,9.5841,0.9042,63.9052,0.7816,-0.1111,0.6884
Luxembourg,6.9460,17,2015,11.3705,0.8987,71.9242,0.9005,0.0598,0.3675
Ireland,6.9400,18,2015,10.6716,0.9615,71.0711,0.9024,0.2867,0.5115
Belgium,6.9370,19,2015,10.5854,0.9264,71.1193,0.8708,-0.0136,0.6090
United Arab Emirates,6.9010,20,2015,10.9516,0.8593,67.9605,0.9250,0.0394,0.3551
United Kingdom,6.8670,21,2015,10.4583,0.9263,71.5805,0.8820,0.3631,0.4582
Oman,6.8530,22,2015,10.7457,0.8409,66.2806,0.9166,-0.0226,0.4510
Venezuela,6.8100,23,2015,9.7773,0.9139,64.7544,0.7234,-0.2220,0.7905
Singapore,6.7980,24,2015,11.2416,0.8150,75.7655,0.8310,0.0988,0.1870
Panama,6.7860,25,2015,9.8364,0.8898,67.5036,0.8306,0.0141,0.8190
Germany,6.7500,26,2015,10.6470,0.9321,70.9455,0.8995,0.0621,0.6200
Chile,6.6700,27,2015,9.9702,0.8588,69.7426,0.7350,0.1275,0.7620
Qatar,6.6110,28,2015,11.7584,0.8396,67.5299,0.9238,0.1175,0.1395
France,6.5750,29,2015,10.4933,0.9158,72.8942,0.8382,-0.1396,0.6390
Argentina,6.5740,30,2015,9.8057,0.9107,67.1648,0.7430,-0.1508,0.8314
Czech Republic,6.5050,31,2015,10.1904,0.8932,69.2462,0.7562,-0.1605,0.9237
Uruguay,6.4850,32,2015,9.8307,0.8942,68.0455,0.8890,-0.0011,0.5771
Colombia,6.4770,33,2015,9.3921,0.9073,63.6792,0.8235,-0.0625,0.8847
Thailand,6.4550,34,2015,9.5402,0.9177,65.4039,0.8444,0.4357,0.9152
Saudi Arabia,6.4110,35,2015,10.8539,0.8418,64.7446,0.6109,-0.1222,0.4510
Spain,6.3290,36,2015,10.3472,0.9382,73.2497,0.7522,-0.0647,0.8644
Malta,6.3020,37,2015,10.2775,0.9332,70.7777,0.8890,0.3611,0.7507
Taiwan,6.2980,38,2015,10.5338,0.8385,70.3471,0.6933,0.0261,0.8370
Kuwait,6.2950,39,2015,11.3408,0.8762,64.9134,0.8428,-0.0901,0.5604
Suriname,6.2690,40,2015,9.6274,0.7949,60.6955,0.8823,-0.0804,0.7499
Trinidad and Tobago,6.1680,41,2015,10.2911,0.8836,60.9353,0.8465,0.1082,0.9476
El Salvador,6.1300,42,2015,8.9198,0.8171,63.1949,0.6991,-0.1604,0.7793
Guatemala,6.1230,43,2015,8.8615,0.8249,61.9983,0.8640,0.0529,0.8158
Uzbekistan,6.0030,44,2015,8.5148,0.9493,60.3169,0.9407,-0.0062,0.4779
Slovakia,5.9950,45,2015,10.1595,0.9198,67.2296,0.6175,-0.0817,0.9114
Japan,5.9870,46,2015,10.4717,0.9144,74.5320,0.7870,-0.1603,0.6799
South Korea,5.9840,47,2015,10.3916,0.7889,73.6021,0.6313,-0.0606,0.8413
Ecuador,5.9750,48,2015,9.2248,0.8062,67.2920,0.7771,-0.1497,0.6794
Bahrain,5.9600,49,2015,10.6343,0.8973,65.7168,0.7479,-0.0757,0.4815
Italy,5.9480,50,2015,10.4116,0.8895,73.2076,0.5652,-0.0064,0.9198
Bolivia,5.8900,51,2015,8.6647,0.7976,58.2022,0.8610,-0.0354,0.8264
Moldova,5.8890,52,2015,8.3984,0.8130,61.0590,0.6276,-0.0301,0.9401
Paraguay,5.8780,53,2015,8.9054,0.9344,62.6028,0.8276,0.1386,0.8353
Kazakhstan,5.8550,54,2015,10.0173,0.8579,61.9778,0.8063,-0.1460,0.8319
Slovenia,5.8480,55,2015,10.2088,0.9214,70.2775,0.8936,0.0255,0.9057
Lithuania,5.8330,56,2015,10.0931,0.9145,65.1430,0.5188,-0.2627,0.9493
Nicaragua,5.8280,57,2015,8.3946,0.8661,65.5718,0.8426,0.0570,0.6600
Peru,5.8240,58,2015,9.3356,0.7960,65.1028,0.7100,-0.1060,0.8709
Belarus,5.8130,59,2015,9.7395,0.9042,65.3164,0.6762,-0.1559,0.6636
Poland,5.7910,60,2015,10.0266,0.9238,66.8685,0.8203,-0.0834,0.8990
Malaysia,5.7700,61,2015,10.0245,0.8361,64.8778,0.8193,0.1238,0.7995
Croatia,5.7590,62,2015,9.8947,0.7212,67.1945,0.5619,-0.2271,0.9272
Libya,5.7540,63,2015,10.0446,0.8563,64.1502,0.7116,-0.0639,0.7912
Russia,5.7160,64,2015,10.0636,0.9056,62.9021,0.6643,-0.2937,0.9181
Jamaica,5.7090,65,2015,9.0603,0.8699,63.5577,0.7948,-0.0266,0.9293
North Cyprus,5.6950,66,2015,10.2795,0.8360,72.0912,0.7814,0.0361,0.7397
Cyprus,5.6890,67,2015,10.2797,0.7618,72.0912,0.7022,0.0929,0.8684
Algeria,5.6050,68,2015,9.4555,0.8392,61.0374,0.5874,-0.1969,0.6906
Kosovo,5.5890,69,2015,9.0330,0.7278,61.5312,0.5511,0.0633,0.8907
Turkmenistan,5.5480,70,2015,9.5143,0.9016,58.1900,0.7680,-0.0806,0.4776
Mauritius,5.4770,71,2015,9.6650,0.8004,64.3560,0.8482,0.1831,0.8467
Hong Kong,5.4740,72,2015,10.8252,0.8310,75.3332,0.8818,0.2052,0.3782
Estonia,5.4290,73,2015,10.1069,0.9022,66.6727,0.7421,-0.1860,0.7254
Indonesia,5.3990,74,2015,9.1152,0.8431,61.7700,0.7585,0.3583,0.9657
Vietnam,5.3600,75,2015,8.5139,0.7698,65.7024,0.8802,-0.0821,0.8004
Turkey,5.3320,76,2015,9.8286,0.7841,65.1591,0.5328,-0.1406,0.7165
Kyrgyzstan,5.2860,77,2015,8.0299,0.8700,62.2380,0.7288,0.0852,0.8987
Nigeria,5.2680,78,2015,8.5819,0.7665,44.5024,0.6420,0.0496,0.9019
Bhutan,5.2530,79,2015,8.9378,0.8502,59.4622,0.8211,0.3134,0.7213
Azerbaijan,5.2120,80,2015,9.7149,0.7806,61.8611,0.6676,-0.1972,0.7114
Pakistan,5.1940,81,2015,8.4013,0.5610,57.3156,0.4311,0.1314,0.8001
Jordan,5.1920,82,2015,9.3411,0.8292,63.8825,0.7021,-0.1559,0.7395
Montenegro,5.1920,83,2015,9.5631,0.7670,64.9238,0.4895,-0.0912,0.7395
China,5.1400,84,2015,9.3048,0.7843,68.2254,0.8067,-0.1923,0.9217
Zambia,5.1290,85,2015,8.0179,0.7714,49.5316,0.7795,-0.0474,0.7684
Romania,5.1240,86,2015,9.7749,0.7588,66.5025,0.6490,-0.1216,0.9554
Serbia,5.1230,87,2015,9.3980,0.8107,65.7602,0.5071,-0.0520,0.9243
Portugal,5.1020,88,2015,10.1319,0.8650,70.3432,0.8046,-0.1220,0.9486
Latvia,5.0980,89,2015,9.9885,0.8467,64.8934,0.5978,-0.0647,0.8655
Philippines,5.0730,90,2015,8.7382,0.8214,59.7178,0.9097,0.0212,0.7714
Somaliland region,5.0570,91,2015,7.1536,0.7863,54.5717,0.7582,0.3428,0.3338
Morocco,5.0130,92,2015,8.8286,0.6561,60.7440,0.7118,-0.2051,0.8304
Macedonia,5.0070,93,2015,9.3918,0.8076,65.2936,0.6337,-0.0123,0.8814
Mozambique,4.9710,94,2015,6.8305,0.8176,42.0180,0.6392,-0.0134,0.7188
Albania,4.9590,95,2015,9.2697,0.7246,68.1052,0.6553,-0.1150,0.8642
Bosnia and Herzegovina,4.9490,96,2015,9.1273,0.7727,67.2941,0.4040,0.0189,0.9621
Lesotho,4.8980,97,2015,7.7269,0.8238,41.4690,0.6177,-0.0881,0.7678
Dominican Republic,4.8850,98,2015,9.3209,0.8787,62.8655,0.8634,-0.0208,0.7404
Laos,4.8760,99,2015,8.3867,0.6968,58.5597,0.8816,0.2396,0.5819
Mongolia,4.8740,100,2015,9.1149,0.9326,60.4963,0.7302,0.1258,0.9235
Swaziland,4.8670,101,2015,8.7589,0.8371,41.4523,0.6072,-0.0643,0.9173
Greece,4.8570,102,2015,10.1140,0.7770,70.5938,0.3893,-0.2962,0.9436
Lebanon,4.8390,103,2015,9.7203,0.7228,69.0527,0.6381,-0.0187,0.8932
Hungary,4.8000,104,2015,10.0125,0.8914,66.1465,0.6210,-0.1337,0.9220
Honduras,4.7880,105,2015,8.4010,0.7871,63.8358,0.6972,-0.0038,0.8577
Tajikistan,4.7860,106,2015,7.7729,0.7461,59.4521,0.7642,-0.0044,0.7272
Tunisia,4.7390,107,2015,9.2772,0.6407,65.3832,0.5655,-0.2146,0.8651
Palestinian Territories,4.7150,108,2015,8.4112,0.7754,62.5730,0.5487,-0.1533,0.7615
Bangladesh,4.6940,109,2015,7.7946,0.5681,60.4584,0.7036,-0.0267,0.7668
Iran,4.6860,110,2015,9.6686,0.6156,63.9423,0.6012,0.1875,0.8729
Ukraine,4.6810,111,2015,9.0256,0.8916,63.0697,0.5546,-0.1022,0.9188
Iraq,4.6770,112,2015,9.5972,0.7307,60.4850,0.3163,-0.0686,0.7475
South Africa,4.6420,113,2015,9.3979,0.8840,48.7233,0.6313,-0.1442,0.8251
Ghana,4.6330,114,2015,8.2485,0.6723,53.2201,0.7180,-0.0030,0.8968
Zimbabwe,4.6100,115,2015,7.4066,0.8203,50.8145,0.5616,-0.0551,0.8378
Liberia,4.5710,116,2015,6.7941,0.7184,51.0769,0.5870,0.0132,0.8671
India,4.5650,117,2015,8.5532,0.5474,57.3384,0.6938,0.0400,0.8313
Sudan,4.5500,118,2015,8.1733,0.8125,52.0443,0.4119,-0.0541,0.7337
Haiti,4.5180,119,2015,7.3936,0.6989,52.7558,0.5480,0.2904,0.6939
Congo (Kinshasa),4.5170,120,2015,6.5758,0.8071,42.2619,0.5308,0.0192,0.8450
Nepal,4.5140,121,2015,7.6794,0.7498,59.2698,0.6795,0.1139,0.8722
Ethiopia,4.5120,122,2015,7.1605,0.6406,54.6377,0.7285,0.0127,0.7276
Sierra Leone,4.5070,123,2015,7.5883,0.7880,38.7185,0.7037,-0.0233,0.8266
Mauritania,4.4360,124,2015,7.9679,0.7517,51.6814,0.5462,-0.0181,0.6894
Kenya,4.4190,125,2015,7.6939,0.8061,53.6909,0.7168,0.1806,0.8733
Djibouti,4.3690,126,2015,7.9255,0.6356,51.8321,0.7534,-0.0664,0.5209
Armenia,4.3500,127,2015,8.9310,0.7132,65.0931,0.5046,-0.1965,0.9039
Botswana,4.3320,128,2015,9.6219,0.8505,40.4443,0.7859,-0.1634,0.7683
Myanmar,4.3070,129,2015,7.4069,0.6846,56.1521,0.7339,0.7146,0.6645
Georgia,4.2970,130,2015,8.8503,0.5491,65.0702,0.7013,-0.2258,0.3591
Malawi,4.2920,131,2015,6.6250,0.5598,46.8712,0.7248,0.1245,0.8553
Sri Lanka,4.2710,132,2015,9.1365,0.8146,64.3041,0.8260,0.2223,0.8204
Cameroon,4.2520,133,2015,7.8711,0.7595,47.1749,0.7841,-0.0344,0.8741
Bulgaria,4.2180,134,2015,9.6789,0.8511,66.4154,0.6065,-0.1448,0.9519
Egypt,4.1940,135,2015,9.2793,0.7006,61.0179,0.4803,-0.1528,0.8656
Yemen,4.0770,136,2015,8.2513,0.6729,53.1957,0.6538,-0.1803,0.8414
Angola,4.0330,137,2015,8.8991,0.7481,44.7468,0.4148,-0.1395,0.8530
Mali,3.9950,138,2015,7.3752,0.8214,46.1561,0.6849,-0.0575,0.7702
Congo (Brazzaville),3.9890,139,2015,8.6565,0.6653,49.9387,0.7097,-0.1389,0.7808
Comoros,3.9560,140,2015,7.3087,0.7197,51.8408,0.5337,-0.0747,0.6508
Uganda,3.9310,141,2015,7.2228,0.8624,50.9542,0.7501,0.0729,0.8507
Senegal,3.9040,142,2015,7.6948,0.7966,54.4516,0.6652,-0.0315,0.7961
Gabon,3.8960,143,2015,9.8263,0.7669,54.3909,0.6191,-0.2096,0.7902
Niger,3.8450,144,2015,6.7886,0.7113,49.4531,0.7687,-0.0500,0.7182
Cambodia,3.8190,145,2015,7.9873,0.6504,60.8018,0.9448,0.2164,0.8510
Tanzania,3.7810,146,2015,7.4502,0.8077,52.5274,0.6282,0.1404,0.8747
Madagascar,3.6810,147,2015,7.2142,0.6674,55.6009,0.4983,-0.0253,0.8371
Central African Republic,3.6780,148,2015,6.8165,0.3874,41.1392,0.7800,0.0065,0.8345
Chad,3.6670,149,2015,7.6241,0.7063,44.1423,0.5393,-0.0627,0.8823
Guinea,3.6560,150,2015,7.1098,0.5822,47.3941,0.6742,0.0677,0.7736
Ivory Coast,3.6550,151,2015,8.0025,0.7107,44.2056,0.7609,-0.0401,0.6821
Burkina Faso,3.5870,152,2015,7.3671,0.7445,48.5199,0.6910,-0.0200,0.7626
Afghanistan,3.5750,153,2015,7.5563,0.5144,49.6801,0.5384,0.1675,0.8119
Rwanda,3.4650,154,2015,7.2566,0.7117,54.2074,0.8779,-0.0088,0.0923
Benin,3.3400,155,2015,7.4546,0.5357,50.2490,0.7759,-0.0643,0.8389
Syria,3.0060,156,2015,8.6091,0.5865,64.8053,0.4651,0.3030,0.6665
Burundi,2.9050,157,2015,6.6227,0.5617,46.8113,0.4287,-0.0457,0.8064
Togo,2.8390,158,2015,7.2156,0.4461,48.9963,0.6621,-0.0844,0.7959
Denmark,7.526,1,2016,1.4418,1.1637,0.7950,0.5794,0.3617,0.4445
Switzerland,7.509,2,2016,1.5273,1.1452,0.8630,0.5856,0.2808,0.4120
Iceland,7.501,3,2016,1.4267,1.1833,0.8673,0.5662,0.4768,0.1497
Norway,7.498,4,2016,1.5774,1.1269,0.7958,0.5961,0.3789,0.3578
Finland,7.413,5,2016,1.4060,1.1346,0.8109,0.5710,0.2549,0.4100
Canada,7.404,6,2016,1.4401,1.0961,0.8276,0.5737,0.4483,0.3133
Netherlands,7.339,7,2016,1.4647,1.0291,0.8123,0.5521,0.4742,0.2993
New Zealand,7.334,8,2016,1.3607,1.1728,0.8310,0.5815,0.4940,0.4190
Australia,7.313,9,2016,1.4444,1.1048,0.8512,0.5684,0.4741,0.3233
Sweden,7.291,10,2016,1.4518,1.0876,0.8312,0.5822,0.3825,0.4087
Israel,7.267,11,2016,1.3377,0.9954,0.8492,0.3643,0.3229,0.0873
Austria,7.119,12,2016,1.4504,1.0838,0.8056,0.5436,0.3286,0.2135
United States,7.104,13,2016,1.5080,1.0478,0.7790,0.4816,0.4108,0.1487
Costa Rica,7.087,14,2016,1.0688,1.0215,0.7615,0.5523,0.2255,0.1055
Puerto Rico,7.039,15,2016,1.3594,1.0811,0.7776,0.4682,0.2220,0.1228
Germany,6.994,16,2016,1.4479,1.0977,0.8149,0.5347,0.3045,0.2855
Brazil,6.952,17,2016,1.0875,1.0394,0.6142,0.4043,0.1578,0.1417
Belgium,6.929,18,2016,1.4254,1.0525,0.8196,0.5135,0.2424,0.2625
Ireland,6.907,19,2016,1.4834,1.1616,0.8145,0.5401,0.4496,0.2975
Luxembourg,6.871,20,2016,1.6975,1.0400,0.8454,0.5487,0.2757,0.3533
Mexico,6.778,21,2016,1.1151,0.7146,0.7114,0.3771,0.1174,0.1835
Singapore,6.739,22,2016,1.6455,0.8676,0.9472,0.4877,0.3271,0.4699
United Kingdom,6.725,23,2016,1.4028,1.0867,0.8099,0.5004,0.5016,0.2740
Chile,6.705,24,2016,1.2167,0.9059,0.8188,0.3779,0.3160,0.1145
Panama,6.701,25,2016,1.1831,0.9891,0.7083,0.4893,0.2418,0.0842
Argentina,6.650,26,2016,1.1514,1.0661,0.6971,0.4228,0.1099,0.0730
Czech Republic,6.596,27,2016,1.3092,1.0079,0.7638,0.4142,0.0993,0.0399
United Arab Emirates,6.573,28,2016,1.5735,0.8711,0.7299,0.5621,0.2659,0.3556
Uruguay,6.545,29,2016,1.1816,1.0314,0.7218,0.5439,0.1806,0.2139
Malta,6.488,30,2016,1.3078,1.0988,0.8032,0.5499,0.5624,0.1755
Colombia,6.481,31,2016,1.0303,1.0217,0.5966,0.4473,0.1563,0.0540
France,6.478,32,2016,1.3949,1.0051,0.8379,0.4656,0.1216,0.1781
Thailand,6.474,33,2016,1.0893,1.0448,0.6492,0.4955,0.5870,0.0283
Saudi Arabia,6.379,34,2016,1.4895,0.8483,0.5927,0.3790,0.1546,0.3001
Taiwan,6.379,35,2016,1.3973,0.9262,0.7957,0.3238,0.2550,0.0663
Qatar,6.375,36,2016,1.8243,0.8796,0.7172,0.5668,0.3239,0.4805
Spain,6.361,37,2016,1.3425,1.1294,0.8790,0.3754,0.1766,0.0614
Algeria,6.355,38,2016,1.0527,0.8331,0.6180,0.2101,0.0704,0.1616
Guatemala,6.324,39,2016,0.8345,0.8712,0.5404,0.5038,0.2881,0.0870
Suriname,6.269,40,2016,1.0969,0.7787,0.5093,0.5223,0.1666,0.1269
Kuwait,6.239,41,2016,1.6171,0.8776,0.6357,0.4317,0.1597,0.2367
Bahrain,6.218,42,2016,1.4402,0.9440,0.6570,0.4738,0.1715,0.2577
Trinidad and Tobago,6.168,43,2016,1.3257,0.9857,0.5261,0.4845,0.3193,0.0124
Venezuela,6.084,44,2016,1.1337,1.0330,0.6190,0.1985,0.0425,0.0830
Slovakia,6.078,45,2016,1.2797,1.0827,0.7037,0.2339,0.1384,0.0295
El Salvador,6.068,46,2016,0.8737,0.8098,0.5960,0.3727,0.0888,0.1061
Malaysia,6.005,47,2016,1.2514,0.8802,0.6237,0.3903,0.4147,0.0908
Nicaragua,5.992,48,2016,0.6938,0.8952,0.6521,0.4658,0.2977,0.1629
Uzbekistan,5.987,49,2016,0.7359,1.1681,0.5016,0.6085,0.3433,0.2833
Italy,5.977,50,2016,1.3549,1.0417,0.8510,0.1883,0.1668,0.0256
Ecuador,5.976,51,2016,0.9731,0.8597,0.6861,0.4027,0.1007,0.1804
Belize,5.956,52,2016,0.8762,0.6865,0.4557,0.5123,0.2368,0.1077
Japan,5.921,53,2016,1.3801,1.0605,0.9149,0.4676,0.1022,0.1899
Kazakhstan,5.919,54,2016,1.2294,0.9554,0.5739,0.4052,0.1501,0.1113
Moldova,5.897,55,2016,0.6918,0.8313,0.5231,0.2520,0.2000,0.0190
Russia,5.856,56,2016,1.2323,1.0526,0.5899,0.3268,0.0274,0.0359
Poland,5.835,57,2016,1.2458,1.0468,0.6906,0.4519,0.1444,0.0550
South Korea,5.835,58,2016,1.3595,0.7219,0.8864,0.2517,0.1882,0.0772
Bolivia,5.822,59,2016,0.7942,0.8378,0.4697,0.5096,0.2170,0.0775
Lithuania,5.813,60,2016,1.2692,1.0641,0.6467,0.1893,0.0202,0.0182
Belarus,5.802,61,2016,1.1306,1.0499,0.6310,0.2909,0.1394,0.1746
North Cyprus,5.771,62,2016,1.3114,0.8183,0.8414,0.4360,0.2632,0.1658
Slovenia,5.768,63,2016,1.2995,1.0561,0.7915,0.5316,0.2574,0.0363
Peru,5.743,64,2016,0.9960,0.8126,0.6299,0.3750,0.1453,0.0529
Turkmenistan,5.658,65,2016,1.0802,1.0382,0.4401,0.3741,0.2257,0.2847
Mauritius,5.648,66,2016,1.1437,0.7570,0.6619,0.4614,0.3695,0.0520
Libya,5.615,67,2016,1.0669,0.9508,0.5230,0.4067,0.1709,0.1034
Latvia,5.560,68,2016,1.2179,0.9503,0.6395,0.2800,0.1745,0.0889
Cyprus,5.546,69,2016,1.3186,0.7070,0.8488,0.2951,0.2791,0.0523
Paraguay,5.538,70,2016,0.8937,1.1111,0.5830,0.4624,0.2530,0.0740
Romania,5.528,71,2016,1.1697,0.7280,0.6760,0.3671,0.1289,0.0068
Estonia,5.517,72,2016,1.2796,1.0516,0.6810,0.4151,0.0842,0.1852
Jamaica,5.510,73,2016,0.8933,0.9637,0.5947,0.4360,0.2224,0.0429
Croatia,5.488,74,2016,1.1865,0.6081,0.7052,0.2391,0.1843,0.0400
Hong Kong,5.458,75,2016,1.5107,0.8702,0.9528,0.4808,0.4010,0.3165
Somalia,5.440,76,2016,0.0000,0.3361,0.1147,0.5678,0.2722,0.3118
Kosovo,5.401,77,2016,0.9015,0.6606,0.5400,0.1440,0.2799,0.0655
Turkey,5.389,78,2016,1.1649,0.8772,0.6472,0.2389,0.0471,0.1235
Indonesia,5.314,79,2016,0.9510,0.8763,0.4937,0.3924,0.5652,0.0032
Jordan,5.303,80,2016,0.9967,0.8622,0.6071,0.3602,0.1426,0.1330
Azerbaijan,5.291,81,2016,1.1237,0.7604,0.5450,0.3533,0.0564,0.1791
Philippines,5.279,82,2016,0.8122,0.8788,0.4704,0.5485,0.2167,0.1176
China,5.245,83,2016,1.0278,0.7938,0.7356,0.4401,0.0496,0.0275
Bhutan,5.196,84,2016,0.8527,0.9084,0.4976,0.4607,0.4855,0.1616
Kyrgyzstan,5.185,85,2016,0.5604,0.9543,0.5545,0.4021,0.3843,0.0476
Serbia,5.177,86,2016,1.0344,0.8133,0.6458,0.1572,0.2074,0.0434
Bosnia and Herzegovina,5.163,87,2016,0.9338,0.6437,0.7077,0.0951,0.2989,0.0000
Montenegro,5.161,88,2016,1.0784,0.7417,0.6353,0.1511,0.1719,0.1272
Dominican Republic,5.155,89,2016,1.0279,0.9950,0.5767,0.5226,0.2129,0.1237
Morocco,5.151,90,2016,0.8406,0.3860,0.5947,0.2565,0.0405,0.0840
Hungary,5.145,91,2016,1.2414,0.9316,0.6761,0.1977,0.0990,0.0447
Pakistan,5.132,92,2016,0.6882,0.2614,0.4031,0.1462,0.3118,0.1388
Lebanon,5.129,93,2016,1.1227,0.6418,0.7617,0.2623,0.2369,0.0306
Portugal,5.123,94,2016,1.2761,0.9437,0.7936,0.4473,0.1169,0.0152
Macedonia,5.121,95,2016,1.0193,0.7824,0.6474,0.2767,0.2351,0.0705
Vietnam,5.061,96,2016,0.7404,0.7912,0.6616,0.5595,0.2508,0.1156
Somaliland region,5.057,97,2016,0.2556,0.7586,0.3311,0.3913,0.5148,0.3679
Tunisia,5.045,98,2016,0.9772,0.4316,0.5958,0.2355,0.0394,0.0817
Greece,5.033,99,2016,1.2489,0.7547,0.8003,0.0582,0.0000,0.0413
Tajikistan,4.996,100,2016,0.4883,0.7560,0.5312,0.4341,0.2600,0.1351
Mongolia,4.907,101,2016,0.9885,1.0898,0.5547,0.3597,0.3454,0.0329
Laos,4.876,102,2016,0.6804,0.5497,0.3829,0.5217,0.4308,0.2242
Nigeria,4.875,103,2016,0.7522,0.6450,0.0511,0.2785,0.2322,0.0305
Honduras,4.871,104,2016,0.6943,0.7560,0.5838,0.2676,0.2044,0.0691
Iran,4.813,105,2016,1.1176,0.3886,0.6423,0.2254,0.3854,0.0557
Zambia,4.795,106,2016,0.6120,0.6376,0.2357,0.4266,0.1787,0.1148
Nepal,4.793,107,2016,0.4463,0.6970,0.5007,0.3701,0.3816,0.0701
Palestinian Territories,4.754,108,2016,0.6702,0.7163,0.5684,0.1774,0.1115,0.1061
Albania,4.655,109,2016,0.9553,0.5016,0.7301,0.3187,0.1684,0.0530
Bangladesh,4.643,110,2016,0.5418,0.2475,0.5299,0.3978,0.1913,0.1258
Sierra Leone,4.635,111,2016,0.3649,0.6280,0.0000,0.3069,0.2390,0.0820
Iraq,4.575,112,2016,1.0747,0.5920,0.5108,0.2486,0.1959,0.1364
Namibia,4.574,113,2016,0.9329,0.7036,0.3475,0.4861,0.0779,0.1040
Cameroon,4.513,114,2016,0.5250,0.6254,0.1270,0.4274,0.2268,0.0613
Ethiopia,4.508,115,2016,0.2928,0.3793,0.3458,0.3670,0.2952,0.1717
South Africa,4.459,116,2016,1.0242,0.9605,0.1861,0.4248,0.1366,0.0842
Sri Lanka,4.415,117,2016,0.9732,0.8478,0.6201,0.5082,0.4698,0.0796
India,4.404,118,2016,0.7404,0.2925,0.4509,0.4028,0.2503,0.0872
Myanmar,4.395,119,2016,0.3411,0.6998,0.3988,0.4269,0.8197,0.2024
Egypt,4.362,120,2016,0.9540,0.4981,0.5212,0.1885,0.1271,0.1039
Armenia,4.360,121,2016,0.8609,0.6248,0.6408,0.1404,0.0779,0.0362
Kenya,4.356,122,2016,0.5227,0.7624,0.3015,0.4058,0.4133,0.0669
Ukraine,4.324,123,2016,0.8729,1.0141,0.5863,0.1286,0.2036,0.0183
Ghana,4.276,124,2016,0.6311,0.4935,0.2968,0.4097,0.2120,0.0326
Congo (Kinshasa),4.272,125,2016,0.0566,0.8068,0.1880,0.1560,0.2546,0.0607
Georgia,4.252,126,2016,0.8379,0.1925,0.6403,0.3246,0.0679,0.3188
Congo (Brazzaville),4.236,127,2016,0.7711,0.4780,0.2821,0.3794,0.1208,0.0975
Senegal,4.219,128,2016,0.4431,0.7742,0.4046,0.3106,0.1910,0.1168
Bulgaria,4.217,129,2016,1.1131,0.9254,0.6781,0.2122,0.1279,0.0062
Mauritania,4.201,130,2016,0.6139,0.8414,0.2864,0.1268,0.2269,0.1795
Zimbabwe,4.193,131,2016,0.3504,0.7148,0.1595,0.2543,0.1850,0.0858
Malawi,4.156,132,2016,0.0871,0.1470,0.2936,0.4143,0.3097,0.0756
Sudan,4.139,133,2016,0.6307,0.8193,0.2976,0.0000,0.1808,0.1004
Gabon,4.121,134,2016,1.1585,0.7237,0.3494,0.2810,0.0624,0.0931
Mali,4.073,135,2016,0.3129,0.8633,0.1635,0.2754,0.2106,0.1365
Haiti,4.028,136,2016,0.3410,0.2956,0.2749,0.1207,0.4796,0.1448
Botswana,3.974,137,2016,1.0943,0.8919,0.3475,0.4409,0.1243,0.1077
Comoros,3.956,138,2016,0.2751,0.6032,0.2998,0.1541,0.1827,0.1844
Ivory Coast,3.916,139,2016,0.5551,0.5758,0.0448,0.4066,0.2034,0.1553
Cambodia,3.907,140,2016,0.5560,0.5375,0.4249,0.5885,0.4034,0.0809
Angola,3.866,141,2016,0.8473,0.6637,0.0499,0.0059,0.1207,0.0843
Niger,3.856,142,2016,0.1327,0.6053,0.2616,0.3804,0.2097,0.1718
South Sudan,3.832,143,2016,0.3939,0.1852,0.1578,0.1966,0.2590,0.1302
Chad,3.763,144,2016,0.4221,0.6318,0.0382,0.1281,0.1867,0.0495
Burkina Faso,3.739,145,2016,0.3200,0.6305,0.2130,0.3337,0.2435,0.1253
Uganda,3.739,146,2016,0.3472,0.9098,0.1962,0.4365,0.2710,0.0644
Yemen,3.724,147,2016,0.5794,0.4749,0.3105,0.2287,0.0982,0.0589
Madagascar,3.695,148,2016,0.2795,0.4612,0.3711,0.1368,0.2204,0.0751
Tanzania,3.666,149,2016,0.4715,0.7762,0.3570,0.3176,0.3147,0.0510
Liberia,3.622,150,2016,0.1071,0.5035,0.2317,0.2575,0.2406,0.0485
Guinea,3.607,151,2016,0.2242,0.3109,0.1883,0.3095,0.2991,0.1192
Rwanda,3.515,152,2016,0.3285,0.6159,0.3187,0.5432,0.2355,0.5052
Benin,3.484,153,2016,0.3950,0.1042,0.2103,0.3975,0.2018,0.0668
Afghanistan,3.360,154,2016,0.3823,0.1104,0.1734,0.1643,0.3127,0.0711
Togo,3.303,155,2016,0.2812,0.0000,0.2481,0.3468,0.1752,0.1159
Syria,3.069,156,2016,0.7472,0.1487,0.6299,0.0691,0.4840,0.1723
Burundi,2.905,157,2016,0.0683,0.2344,0.1575,0.0432,0.2029,0.0942
Norway,7.537,1,2017,1.616,1.534,0.797,0.635,0.362,0.316
Denmark,7.522,2,2017,1.482,1.551,0.793,0.626,0.355,0.401
Iceland,7.504,3,2017,1.481,1.611,0.834,0.627,0.476,0.154
Switzerland,7.494,4,2017,1.565,1.517,0.858,0.620,0.291,0.367
Finland,7.469,5,2017,1.444,1.540,0.809,0.618,0.245,0.383
Netherlands,7.377,6,2017,1.504,1.429,0.811,0.585,0.470,0.283
Canada,7.316,7,2017,1.479,1.481,0.835,0.611,0.436,0.287
New Zealand,7.314,8,2017,1.406,1.548,0.817,0.614,0.500,0.383
Sweden,7.284,9,2017,1.494,1.478,0.831,0.613,0.385,0.384
Australia,7.284,10,2017,1.484,1.510,0.844,0.602,0.478,0.301
Israel,7.213,11,2017,1.375,1.376,0.838,0.406,0.330,0.085
Costa Rica,7.079,12,2017,1.110,1.416,0.760,0.580,0.215,0.100
Austria,7.006,13,2017,1.487,1.460,0.815,0.568,0.316,0.221
United States,6.993,14,2017,1.546,1.420,0.774,0.506,0.393,0.136
Ireland,6.977,15,2017,1.536,1.558,0.810,0.573,0.428,0.298
Germany,6.951,16,2017,1.488,1.473,0.799,0.563,0.336,0.277
Belgium,6.891,17,2017,1.464,1.462,0.818,0.540,0.232,0.251
Luxembourg,6.863,18,2017,1.742,1.458,0.845,0.597,0.283,0.319
United Kingdom,6.714,19,2017,1.442,1.496,0.805,0.508,0.493,0.265
Chile,6.652,20,2017,1.253,1.284,0.819,0.377,0.327,0.082
United Arab Emirates,6.648,21,2017,1.626,1.266,0.727,0.608,0.361,0.324
Brazil,6.635,22,2017,1.107,1.431,0.617,0.437,0.162,0.111
Czech Republic,6.609,23,2017,1.353,1.434,0.754,0.491,0.088,0.037
Argentina,6.599,24,2017,1.185,1.440,0.695,0.495,0.109,0.060
Mexico,6.578,25,2017,1.153,1.211,0.710,0.413,0.121,0.133
Singapore,6.572,26,2017,1.692,1.354,0.949,0.550,0.346,0.464
Malta,6.527,27,2017,1.343,1.488,0.822,0.589,0.575,0.153
Uruguay,6.454,28,2017,1.218,1.412,0.719,0.579,0.175,0.178
Guatemala,6.454,29,2017,0.872,1.256,0.540,0.531,0.283,0.077
Panama,6.452,30,2017,1.234,1.373,0.706,0.550,0.211,0.071
France,6.442,31,2017,1.431,1.388,0.844,0.470,0.130,0.173
Thailand,6.424,32,2017,1.128,1.426,0.647,0.580,0.572,0.032
Taiwan Province of China,6.422,33,2017,1.434,1.385,0.794,0.361,0.258,0.064
Spain,6.403,34,2017,1.384,1.532,0.889,0.409,0.190,0.071
Qatar,6.375,35,2017,1.871,1.274,0.710,0.604,0.330,0.439
Colombia,6.357,36,2017,1.071,1.402,0.595,0.477,0.149,0.047
Saudi Arabia,6.344,37,2017,1.531,1.287,0.590,0.450,0.148,0.273
Trinidad and Tobago,6.168,38,2017,1.361,1.380,0.520,0.519,0.325,0.009
Kuwait,6.105,39,2017,1.633,1.260,0.632,0.496,0.228,0.215
Slovakia,6.098,40,2017,1.325,1.505,0.713,0.296,0.137,0.024
Bahrain,6.087,41,2017,1.488,1.323,0.653,0.537,0.173,0.257
Malaysia,6.084,42,2017,1.291,1.285,0.619,0.402,0.417,0.066
Nicaragua,6.071,43,2017,0.737,1.287,0.653,0.448,0.302,0.131
Ecuador,6.008,44,2017,1.001,1.286,0.686,0.455,0.150,0.140
El Salvador,6.003,45,2017,0.910,1.182,0.596,0.432,0.078,0.090
Poland,5.973,46,2017,1.292,1.446,0.699,0.520,0.158,0.059
Uzbekistan,5.971,47,2017,0.786,1.549,0.498,0.658,0.416,0.247
Italy,5.964,48,2017,1.395,1.445,0.853,0.256,0.173,0.028
Russia,5.963,49,2017,1.282,1.469,0.547,0.374,0.052,0.033
Belize,5.956,50,2017,0.908,1.081,0.450,0.548,0.240,0.097
Japan,5.920,51,2017,1.417,1.436,0.913,0.506,0.121,0.164
Lithuania,5.902,52,2017,1.315,1.474,0.629,0.234,0.010,0.012
Algeria,5.872,53,2017,1.092,1.146,0.618,0.233,0.069,0.146
Latvia,5.850,54,2017,1.261,1.405,0.639,0.326,0.153,0.074
South Korea,5.838,55,2017,1.402,1.128,0.900,0.258,0.207,0.063
Moldova,5.838,56,2017,0.729,1.252,0.589,0.241,0.209,0.010
Romania,5.825,57,2017,1.218,1.150,0.685,0.457,0.134,0.004
Bolivia,5.823,58,2017,0.834,1.228,0.474,0.559,0.226,0.060
Turkmenistan,5.822,59,2017,1.131,1.493,0.438,0.418,0.250,0.259
Kazakhstan,5.819,60,2017,1.285,1.384,0.606,0.437,0.202,0.119
North Cyprus,5.810,61,2017,1.347,1.186,0.835,0.471,0.267,0.155
Slovenia,5.758,62,2017,1.341,1.453,0.791,0.573,0.243,0.045
Peru,5.715,63,2017,1.035,1.219,0.630,0.450,0.127,0.047
Mauritius,5.629,64,2017,1.189,1.210,0.638,0.491,0.361,0.042
Cyprus,5.621,65,2017,1.356,1.131,0.845,0.355,0.271,0.041
Estonia,5.611,66,2017,1.321,1.477,0.695,0.479,0.099,0.183
Belarus,5.569,67,2017,1.157,1.445,0.638,0.295,0.155,0.156
Libya,5.525,68,2017,1.102,1.358,0.520,0.466,0.152,0.093
Turkey,5.500,69,2017,1.198,1.338,0.638,0.301,0.047,0.100
Paraguay,5.493,70,2017,0.933,1.507,0.579,0.474,0.224,0.091
"Hong Kong S.A.R., China",5.472,71,2017,1.552,1.263,0.943,0.491,0.374,0.294
Philippines,5.430,72,2017,0.858,1.254,0.468,0.585,0.194,0.099
Serbia,5.395,73,2017,1.069,1.258,0.651,0.209,0.220,0.041
Jordan,5.336,74,2017,0.991,1.239,0.605,0.418,0.172,0.120
Hungary,5.324,75,2017,1.286,1.343,0.688,0.176,0.078,0.037
Jamaica,5.311,76,2017,0.926,1.368,0.641,0.474,0.234,0.055
Croatia,5.293,77,2017,1.223,0.968,0.701,0.256,0.248,0.043
Kosovo,5.279,78,2017,0.951,1.138,0.541,0.260,0.320,0.057
China,5.273,79,2017,1.081,1.161,0.741,0.473,0.029,0.023
Pakistan,5.269,80,2017,0.727,0.673,0.402,0.235,0.315,0.124
Indonesia,5.262,81,2017,0.996,1.274,0.492,0.443,0.612,0.015
Venezuela,5.250,82,2017,1.128,1.431,0.617,0.154,0.065,0.064
Montenegro,5.237,83,2017,1.121,1.238,0.667,0.195,0.198,0.088
Morocco,5.235,84,2017,0.878,0.775,0.598,0.408,0.032,0.088
Azerbaijan,5.234,85,2017,1.154,1.152,0.541,0.398,0.045,0.181
Dominican Republic,5.230,86,2017,1.079,1.402,0.575,0.553,0.187,0.114
Greece,5.227,87,2017,1.289,1.239,0.810,0.096,0.000,0.043
Lebanon,5.225,88,2017,1.075,1.130,0.735,0.289,0.264,0.038
Portugal,5.195,89,2017,1.315,1.367,0.796,0.498,0.095,0.016
Bosnia and Herzegovina,5.182,90,2017,0.982,1.069,0.705,0.204,0.329,0.000
Honduras,5.181,91,2017,0.731,1.144,0.583,0.348,0.236,0.073
Macedonia,5.175,92,2017,1.065,1.208,0.645,0.326,0.254,0.060
Somalia,5.151,93,2017,0.023,0.721,0.114,0.602,0.292,0.282
Vietnam,5.074,94,2017,0.789,1.277,0.652,0.571,0.235,0.088
Nigeria,5.074,95,2017,0.784,1.216,0.057,0.395,0.231,0.026
Tajikistan,5.041,96,2017,0.525,1.271,0.529,0.472,0.249,0.146
Bhutan,5.011,97,2017,0.885,1.340,0.496,0.502,0.474,0.173
Kyrgyzstan,5.004,98,2017,0.596,1.394,0.553,0.455,0.429,0.039
Nepal,4.962,99,2017,0.480,1.179,0.504,0.440,0.394,0.073
Mongolia,4.955,100,2017,1.027,1.493,0.558,0.394,0.338,0.033
South Africa,4.829,101,2017,1.055,1.385,0.187,0.479,0.139,0.073
Tunisia,4.805,102,2017,1.007,0.868,0.613,0.290,0.050,0.087
Palestinian Territories,4.775,103,2017,0.716,1.156,0.566,0.255,0.114,0.089
Egypt,4.735,104,2017,0.990,0.997,0.520,0.282,0.129,0.114
Bulgaria,4.714,105,2017,1.161,1.434,0.708,0.289,0.113,0.011
Sierra Leone,4.709,106,2017,0.368,0.984,0.006,0.319,0.293,0.071
Cameroon,4.695,107,2017,0.564,0.946,0.133,0.430,0.236,0.051
Iran,4.692,108,2017,1.157,0.712,0.639,0.249,0.387,0.049
Albania,4.644,109,2017,0.996,0.804,0.731,0.381,0.201,0.040
Bangladesh,4.608,110,2017,0.587,0.735,0.533,0.478,0.172,0.124
Namibia,4.574,111,2017,0.964,1.098,0.339,0.520,0.077,0.093
Kenya,4.553,112,2017,0.560,1.068,0.310,0.453,0.445,0.065
Mozambique,4.550,113,2017,0.234,0.871,0.107,0.481,0.322,0.179
Myanmar,4.545,114,2017,0.367,1.123,0.398,0.514,0.838,0.189
Senegal,4.535,115,2017,0.479,1.180,0.409,0.378,0.183,0.115
Zambia,4.514,116,2017,0.636,1.003,0.258,0.462,0.250,0.078
Iraq,4.497,117,2017,1.103,0.979,0.501,0.289,0.200,0.107
Gabon,4.465,118,2017,1.198,1.156,0.357,0.312,0.044,0.076
Ethiopia,4.460,119,2017,0.339,0.865,0.353,0.409,0.313,0.165
Sri Lanka,4.440,120,2017,1.010,1.260,0.625,0.561,0.491,0.074
Armenia,4.376,121,2017,0.901,1.007,0.638,0.198,0.083,0.027
India,4.315,122,2017,0.792,0.754,0.455,0.470,0.232,0.092
Mauritania,4.292,123,2017,0.648,1.272,0.285,0.096,0.202,0.137
Congo (Brazzaville),4.291,124,2017,0.809,0.832,0.290,0.435,0.121,0.080
Georgia,4.286,125,2017,0.951,0.571,0.650,0.309,0.054,0.252
Congo (Kinshasa),4.280,126,2017,0.092,1.229,0.191,0.236,0.246,0.060
Mali,4.190,127,2017,0.476,1.281,0.169,0.307,0.183,0.105
Ivory Coast,4.180,128,2017,0.603,0.905,0.049,0.448,0.201,0.130
Cambodia,4.168,129,2017,0.602,1.006,0.430,0.633,0.386,0.068
Sudan,4.139,130,2017,0.660,1.214,0.291,0.015,0.182,0.090
Ghana,4.120,131,2017,0.667,0.874,0.296,0.423,0.257,0.025
Ukraine,4.096,132,2017,0.895,1.395,0.576,0.123,0.270,0.023
Uganda,4.081,133,2017,0.381,1.130,0.218,0.443,0.326,0.057
Burkina Faso,4.032,134,2017,0.350,1.043,0.216,0.324,0.251,0.120
Niger,4.028,135,2017,0.162,0.993,0.269,0.364,0.229,0.139
Malawi,3.970,136,2017,0.233,0.513,0.315,0.467,0.287,0.073
Chad,3.936,137,2017,0.438,0.954,0.041,0.162,0.216,0.054
Zimbabwe,3.875,138,2017,0.376,1.083,0.197,0.336,0.189,0.095
Lesotho,3.808,139,2017,0.521,1.190,0.000,0.391,0.157,0.119
Angola,3.795,140,2017,0.858,1.104,0.050,0.000,0.098,0.070
Afghanistan,3.794,141,2017,0.401,0.582,0.181,0.106,0.312,0.061
Botswana,3.766,142,2017,1.122,1.222,0.342,0.505,0.099,0.099
Benin,3.657,143,2017,0.431,0.435,0.210,0.426,0.208,0.061
Madagascar,3.644,144,2017,0.306,0.913,0.375,0.189,0.209,0.067
Haiti,3.603,145,2017,0.369,0.640,0.277,0.030,0.489,0.100
Yemen,3.593,146,2017,0.592,0.935,0.310,0.249,0.104,0.057
South Sudan,3.591,147,2017,0.397,0.601,0.163,0.147,0.286,0.117
Liberia,3.533,148,2017,0.119,0.872,0.230,0.333,0.267,0.039
Guinea,3.507,149,2017,0.245,0.791,0.194,0.349,0.265,0.111
Togo,3.495,150,2017,0.305,0.432,0.247,0.380,0.197,0.096
Rwanda,3.471,151,2017,0.369,0.946,0.326,0.582,0.253,0.455
Syria,3.462,152,2017,0.777,0.396,0.501,0.082,0.494,0.151
Tanzania,3.349,153,2017,0.511,1.042,0.365,0.390,0.354,0.066
Burundi,2.905,154,2017,0.092,0.630,0.152,0.060,0.204,0.084
Central African Republic,2.693,155,2017,0.000,0.000,0.019,0.271,0.281,0.057
Finland,7.632,1,2018,1.305,1.592,0.874,0.681,0.192,0.393
Norway,7.594,2,2018,1.456,1.582,0.861,0.686,0.286,0.340
Denmark,7.555,3,2018,1.351,1.590,0.868,0.683,0.284,0.408
Iceland,7.495,4,2018,1.343,1.644,0.914,0.677,0.353,0.138
Switzerland,7.487,5,2018,1.420,1.549,0.927,0.660,0.256,0.357
Netherlands,7.441,6,2018,1.361,1.488,0.878,0.638,0.333,0.295
Canada,7.328,7,2018,1.330,1.532,0.896,0.653,0.321,0.291
New Zealand,7.324,8,2018,1.268,1.601,0.876,0.669,0.365,0.389
Sweden,7.314,9,2018,1.355,1.501,0.913,0.659,0.285,0.383
Australia,7.272,10,2018,1.340,1.573,0.910,0.647,0.361,0.302
Israel,7.190,11,2018,1.244,1.433,0.888,0.464,0.262,0.082
Austria,7.139,12,2018,1.341,1.504,0.891,0.617,0.242,0.224
Costa Rica,7.072,13,2018,1.010,1.459,0.817,0.632,0.143,0.101
Ireland,6.977,14,2018,1.448,1.583,0.876,0.614,0.307,0.306
Germany,6.965,15,2018,1.340,1.474,0.861,0.586,0.273,0.280
Belgium,6.927,16,2018,1.324,1.483,0.894,0.583,0.188,0.240
Luxembourg,6.910,17,2018,1.576,1.520,0.896,0.632,0.196,0.321
United States,6.886,18,2018,1.398,1.471,0.819,0.547,0.291,0.133
United Kingdom,6.814,19,2018,1.301,1.559,0.883,0.533,0.354,0.272
United Arab Emirates,6.774,20,2018,1.467,1.296,0.776,0.670,0.284,0.186
Czech Republic,6.711,21,2018,1.233,1.489,0.854,0.543,0.064,0.034
Malta,6.627,22,2018,1.270,1.525,0.884,0.645,0.376,0.142
France,6.489,23,2018,1.293,1.466,0.908,0.520,0.098,0.176
Mexico,6.488,24,2018,1.038,1.252,0.761,0.479,0.069,0.095
Chile,6.476,25,2018,1.131,1.331,0.808,0.431,0.197,0.061
Taiwan Province of China,6.441,26,2018,1.365,1.436,0.857,0.418,0.151,0.078
Panama,6.430,27,2018,1.112,1.438,0.759,0.597,0.125,0.063
Brazil,6.419,28,2018,0.986,1.474,0.675,0.493,0.110,0.088
Argentina,6.388,29,2018,1.073,1.468,0.744,0.570,0.062,0.054
Guatemala,6.382,30,2018,0.781,1.268,0.608,0.604,0.179,0.071
Uruguay,6.379,31,2018,1.093,1.459,0.771,0.625,0.130,0.155
Qatar,6.374,32,2018,1.649,1.303,0.748,0.654,0.256,0.171
Saudi Arabia,6.371,33,2018,1.379,1.331,0.633,0.509,0.098,0.127
Singapore,6.343,34,2018,1.529,1.451,1.008,0.631,0.261,0.457
Malaysia,6.322,35,2018,1.161,1.258,0.669,0.356,0.311,0.059
Spain,6.310,36,2018,1.251,1.538,0.965,0.449,0.142,0.074
Colombia,6.260,37,2018,0.960,1.439,0.635,0.531,0.099,0.039
Trinidad & Tobago,6.192,38,2018,1.223,1.492,0.564,0.575,0.171,0.019
Slovakia,6.173,39,2018,1.210,1.537,0.776,0.354,0.118,0.014
El Salvador,6.167,40,2018,0.806,1.231,0.639,0.461,0.065,0.082
Nicaragua,6.141,41,2018,0.668,1.319,0.700,0.527,0.208,0.128
Poland,6.123,42,2018,1.176,1.448,0.781,0.546,0.108,0.064
Bahrain,6.105,43,2018,1.338,1.366,0.698,0.594,0.243,0.123
Uzbekistan,6.096,44,2018,0.719,1.584,0.605,0.724,0.328,0.259
Kuwait,6.083,45,2018,1.474,1.301,0.675,0.554,0.167,0.106
Thailand,6.072,46,2018,1.016,1.417,0.707,0.637,0.364,0.029
Italy,6.000,47,2018,1.264,1.501,0.946,0.281,0.137,0.028
Ecuador,5.973,48,2018,0.889,1.330,0.736,0.556,0.114,0.120
Belize,5.956,49,2018,0.807,1.101,0.474,0.593,0.183,0.089
Lithuania,5.952,50,2018,1.197,1.527,0.716,0.350,0.026,0.006
Slovenia,5.948,51,2018,1.219,1.506,0.856,0.633,0.160,0.051
Romania,5.945,52,2018,1.116,1.219,0.726,0.528,0.088,0.001
Latvia,5.933,53,2018,1.148,1.454,0.671,0.363,0.092,0.066
Japan,5.915,54,2018,1.294,1.462,0.988,0.553,0.079,0.150
Mauritius,5.891,55,2018,1.090,1.387,0.684,0.584,0.245,0.050
Jamaica,5.890,56,2018,0.819,1.493,0.693,0.575,0.096,0.031
South Korea,5.875,57,2018,1.266,1.204,0.955,0.244,0.175,0.051
Northern Cyprus,5.835,58,2018,1.229,1.211,0.909,0.495,0.179,0.154
Russia,5.810,59,2018,1.151,1.479,0.599,0.399,0.065,0.025
Kazakhstan,5.790,60,2018,1.143,1.516,0.631,0.454,0.148,0.121
Cyprus,5.762,61,2018,1.229,1.191,0.909,0.423,0.202,0.035
Bolivia,5.752,62,2018,0.751,1.223,0.508,0.606,0.141,0.054
Estonia,5.739,63,2018,1.200,1.532,0.737,0.553,0.086,0.174
Paraguay,5.681,64,2018,0.835,1.522,0.615,0.541,0.162,0.074
Peru,5.663,65,2018,0.934,1.249,0.674,0.530,0.092,0.034
Kosovo,5.662,66,2018,0.855,1.230,0.578,0.448,0.274,0.023
Moldova,5.640,67,2018,0.657,1.301,0.620,0.232,0.171,0.000
Turkmenistan,5.636,68,2018,1.016,1.533,0.517,0.417,0.199,0.037
Hungary,5.620,69,2018,1.171,1.401,0.732,0.259,0.061,0.022
Libya,5.566,70,2018,0.985,1.350,0.553,0.496,0.116,0.148
Philippines,5.524,71,2018,0.775,1.312,0.513,0.643,0.120,0.105
Honduras,5.504,72,2018,0.620,1.205,0.622,0.459,0.197,0.074
Belarus,5.483,73,2018,1.039,1.498,0.700,0.307,0.101,0.154
Turkey,5.483,74,2018,1.148,1.380,0.686,0.324,0.106,0.109
Pakistan,5.472,75,2018,0.652,0.810,0.424,0.334,0.216,0.113
"Hong Kong SAR, China",5.430,76,2018,1.405,1.290,1.030,0.524,0.246,0.291
Portugal,5.410,77,2018,1.188,1.429,0.884,0.562,0.055,0.017
Serbia,5.398,78,2018,0.975,1.369,0.685,0.288,0.134,0.043
Greece,5.358,79,2018,1.154,1.202,0.879,0.131,0.000,0.044
Tajikistan,5.352,80,2018,0.474,1.179,0.598,0.503,0.214,0.136
Montenegro,5.347,81,2018,1.017,1.279,0.729,0.259,0.111,0.081
Croatia,5.321,82,2018,1.115,1.161,0.737,0.380,0.120,0.039
Dominican Republic,5.302,83,2018,0.982,1.441,0.614,0.578,0.120,0.106
Algeria,5.295,84,2018,0.979,1.154,0.687,0.077,0.055,0.135
Morocco,5.254,85,2018,0.779,0.797,0.669,0.460,0.026,0.074
China,5.246,86,2018,0.989,1.142,0.799,0.597,0.029,0.103
Azerbaijan,5.201,87,2018,1.024,1.161,0.603,0.430,0.031,0.176
Lebanon,5.199,88,2018,0.965,1.166,0.785,0.292,0.187,0.034
Macedonia,5.185,89,2018,0.959,1.239,0.691,0.394,0.173,0.052
Jordan,5.161,90,2018,0.822,1.265,0.645,0.468,0.130,0.134
Nigeria,5.155,91,2018,0.689,1.172,0.048,0.462,0.201,0.032
Kyrgyzstan,5.131,92,2018,0.530,1.416,0.594,0.540,0.281,0.035
Bosnia and Herzegovina,5.129,93,2018,0.915,1.078,0.758,0.280,0.216,0.000
Mongolia,5.125,94,2018,0.914,1.517,0.575,0.395,0.253,0.032
Vietnam,5.103,95,2018,0.715,1.365,0.702,0.618,0.177,0.079
Indonesia,5.093,96,2018,0.899,1.215,0.522,0.538,0.484,0.018
Bhutan,5.082,97,2018,0.796,1.335,0.527,0.541,0.364,0.171
Somalia,4.982,98,2018,0.000,0.712,0.115,0.674,0.238,0.282
Cameroon,4.975,99,2018,0.535,0.891,0.182,0.454,0.183,0.043
Bulgaria,4.933,100,2018,1.054,1.515,0.712,0.359,0.064,0.009
Nepal,4.880,101,2018,0.425,1.228,0.539,0.526,0.302,0.078
Venezuela,4.806,102,2018,0.996,1.469,0.657,0.133,0.056,0.052
Gabon,4.758,103,2018,1.036,1.164,0.404,0.356,0.032,0.052
Palestinian Territories,4.743,104,2018,0.642,1.217,0.602,0.266,0.086,0.076
South Africa,4.724,105,2018,0.940,1.410,0.330,0.516,0.103,0.056
Iran,4.707,106,2018,1.059,0.771,0.691,0.459,0.282,0.129
Ivory Coast,4.671,107,2018,0.541,0.872,0.080,0.467,0.146,0.103
Ghana,4.657,108,2018,0.592,0.896,0.337,0.499,0.212,0.029
Senegal,4.631,109,2018,0.429,1.117,0.433,0.406,0.138,0.082
Laos,4.623,110,2018,0.720,1.034,0.441,0.626,0.230,0.174
Tunisia,4.592,111,2018,0.900,0.906,0.690,0.271,0.040,0.063
Albania,4.586,112,2018,0.916,0.817,0.790,0.419,0.149,0.032
Sierra Leone,4.571,113,2018,0.256,0.813,0.000,0.355,0.238,0.053
Congo (Brazzaville),4.559,114,2018,0.682,0.811,0.343,0.514,0.091,0.077
Bangladesh,4.500,115,2018,0.532,0.850,0.579,0.580,0.153,0.144
Sri Lanka,4.471,116,2018,0.918,1.314,0.672,0.585,0.307,0.050
Iraq,4.456,117,2018,1.010,0.971,0.536,0.304,0.148,0.095
Mali,4.447,118,2018,0.370,1.233,0.152,0.367,0.139,0.056
Namibia,4.441,119,2018,0.874,1.281,0.365,0.519,0.051,0.064
Cambodia,4.433,120,2018,0.549,1.088,0.457,0.696,0.256,0.065
Burkina Faso,4.424,121,2018,0.314,1.097,0.254,0.312,0.175,0.128
Egypt,4.419,122,2018,0.885,1.025,0.553,0.312,0.092,0.107
Mozambique,4.417,123,2018,0.198,0.902,0.173,0.531,0.206,0.158
Kenya,4.410,124,2018,0.493,1.048,0.454,0.504,0.352,0.055
Zambia,4.377,125,2018,0.562,1.047,0.295,0.503,0.221,0.082
Mauritania,4.356,126,2018,0.557,1.245,0.292,0.129,0.134,0.093
Ethiopia,4.350,127,2018,0.308,0.950,0.391,0.452,0.220,0.146
Georgia,4.340,128,2018,0.853,0.592,0.643,0.375,0.038,0.215
Armenia,4.321,129,2018,0.816,0.990,0.666,0.260,0.077,0.028
Myanmar,4.308,130,2018,0.682,1.174,0.429,0.580,0.598,0.178
Chad,4.301,131,2018,0.358,0.907,0.053,0.189,0.181,0.060
Congo (Kinshasa),4.245,132,2018,0.069,1.136,0.204,0.312,0.197,0.052
India,4.190,133,2018,0.721,0.747,0.485,0.539,0.172,0.093
Niger,4.166,134,2018,0.131,0.867,0.221,0.390,0.175,0.099
Uganda,4.161,135,2018,0.322,1.090,0.237,0.450,0.259,0.061
Benin,4.141,136,2018,0.378,0.372,0.240,0.440,0.163,0.067
Sudan,4.139,137,2018,0.605,1.240,0.312,0.016,0.134,0.082
Ukraine,4.103,138,2018,0.793,1.413,0.609,0.163,0.187,0.011
Togo,3.999,139,2018,0.259,0.474,0.253,0.434,0.158,0.101
Guinea,3.964,140,2018,0.344,0.792,0.211,0.394,0.185,0.094
Lesotho,3.808,141,2018,0.472,1.215,0.079,0.423,0.116,0.112
Angola,3.795,142,2018,0.730,1.125,0.269,0.000,0.079,0.061
Madagascar,3.774,143,2018,0.262,0.908,0.402,0.221,0.155,0.049
Zimbabwe,3.692,144,2018,0.357,1.094,0.248,0.406,0.132,0.099
Afghanistan,3.632,145,2018,0.332,0.537,0.255,0.085,0.191,0.036
Botswana,3.590,146,2018,1.017,1.174,0.417,0.557,0.042,0.092
Malawi,3.587,147,2018,0.186,0.541,0.306,0.531,0.210,0.080
Haiti,3.582,148,2018,0.315,0.714,0.289,0.025,0.392,0.104
Liberia,3.495,149,2018,0.076,0.858,0.267,0.419,0.206,0.030
Syria,3.462,150,2018,0.689,0.382,0.539,0.088,0.376,0.144
Rwanda,3.408,151,2018,0.332,0.896,0.400,0.636,0.200,0.444
Yemen,3.355,152,2018,0.442,1.073,0.343,0.244,0.083,0.064
Tanzania,3.303,153,2018,0.455,0.991,0.381,0.481,0.270,0.097
South Sudan,3.254,154,2018,0.337,0.608,0.177,0.112,0.224,0.106
Central African Republic,3.083,155,2018,0.024,0.000,0.010,0.305,0.218,0.038
Burundi,2.905,156,2018,0.091,0.627,0.145,0.065,0.149,0.076
Finland,7.769,1,2019,1.340,1.587,0.986,0.596,0.153,0.393
Denmark,7.600,2,2019,1.383,1.573,0.996,0.592,0.252,0.410
Norway,7.554,3,2019,1.488,1.582,1.028,0.603,0.271,0.341
Iceland,7.494,4,2019,1.380,1.624,1.026,0.591,0.354,0.118
Netherlands,7.488,5,2019,1.396,1.522,0.999,0.557,0.322,0.298
Switzerland,7.480,6,2019,1.452,1.526,1.052,0.572,0.263,0.343
Sweden,7.343,7,2019,1.387,1.487,1.009,0.574,0.267,0.373
New Zealand,7.307,8,2019,1.303,1.557,1.026,0.585,0.330,0.380
Canada,7.278,9,2019,1.365,1.505,1.039,0.584,0.285,0.308
Austria,7.246,10,2019,1.376,1.475,1.016,0.532,0.244,0.226
Australia,7.228,11,2019,1.372,1.548,1.036,0.557,0.332,0.290
Costa Rica,7.167,12,2019,1.034,1.441,0.963,0.558,0.144,0.093
Israel,7.139,13,2019,1.276,1.455,1.029,0.371,0.261,0.082
Luxembourg,7.090,14,2019,1.609,1.479,1.012,0.526,0.194,0.316
United Kingdom,7.054,15,2019,1.333,1.538,0.996,0.450,0.348,0.278
Ireland,7.021,16,2019,1.499,1.553,0.999,0.516,0.298,0.310
Germany,6.985,17,2019,1.373,1.454,0.987,0.495,0.261,0.265
Belgium,6.923,18,2019,1.356,1.504,0.986,0.473,0.160,0.210
United States,6.892,19,2019,1.433,1.457,0.874,0.454,0.280,0.128
Czech Republic,6.852,20,2019,1.269,1.487,0.920,0.457,0.046,0.036
United Arab Emirates,6.825,21,2019,1.503,1.310,0.825,0.598,0.262,0.182
Malta,6.726,22,2019,1.300,1.520,0.999,0.564,0.375,0.151
Mexico,6.595,23,2019,1.070,1.323,0.861,0.433,0.074,0.073
France,6.592,24,2019,1.324,1.472,1.045,0.436,0.111,0.183
Taiwan Province of China,6.446,25,2019,1.368,1.430,0.914,0.351,0.242,0.097
Chile,6.444,26,2019,1.159,1.369,0.920,0.357,0.187,0.056
Guatemala,6.436,27,2019,0.800,1.269,0.746,0.535,0.175,0.078
Saudi Arabia,6.375,28,2019,1.403,1.357,0.795,0.439,0.080,0.132
Qatar,6.374,29,2019,1.684,1.313,0.871,0.555,0.220,0.167
Spain,6.354,30,2019,1.286,1.484,1.062,0.362,0.153,0.079
Panama,6.321,31,2019,1.149,1.442,0.910,0.516,0.109,0.054
Brazil,6.300,32,2019,1.004,1.439,0.802,0.390,0.099,0.086
Uruguay,6.293,33,2019,1.124,1.465,0.891,0.523,0.127,0.150
Singapore,6.262,34,2019,1.572,1.463,1.141,0.556,0.271,0.453
El Salvador,6.253,35,2019,0.794,1.242,0.789,0.430,0.093,0.074
Italy,6.223,36,2019,1.294,1.488,1.039,0.231,0.158,0.030
Bahrain,6.199,37,2019,1.362,1.368,0.871,0.536,0.255,0.110
Slovakia,6.198,38,2019,1.246,1.504,0.881,0.334,0.121,0.014
Trinidad and Tobago,6.192,39,2019,1.231,1.477,0.713,0.489,0.185,0.016
Poland,6.182,40,2019,1.206,1.438,0.884,0.483,0.117,0.050
Uzbekistan,6.174,41,2019,0.745,1.529,0.756,0.631,0.322,0.240
Lithuania,6.149,42,2019,1.238,1.515,0.818,0.291,0.043,0.042
Colombia,6.125,43,2019,0.985,1.410,0.841,0.470,0.099,0.034
Slovenia,6.118,44,2019,1.258,1.523,0.953,0.564,0.144,0.057
Nicaragua,6.105,45,2019,0.694,1.325,0.835,0.435,0.200,0.127
Kosovo,6.100,46,2019,0.882,1.232,0.758,0.489,0.262,0.006
Argentina,6.086,47,2019,1.092,1.432,0.881,0.471,0.066,0.050
Romania,6.070,48,2019,1.162,1.232,0.825,0.462,0.083,0.005
Cyprus,6.046,49,2019,1.263,1.223,1.042,0.406,0.190,0.041
Ecuador,6.028,50,2019,0.912,1.312,0.868,0.498,0.126,0.087
Kuwait,6.021,51,2019,1.500,1.319,0.808,0.493,0.142,0.097
Thailand,6.008,52,2019,1.050,1.409,0.828,0.557,0.359,0.028
Latvia,5.940,53,2019,1.187,1.465,0.812,0.264,0.075,0.064
South Korea,5.895,54,2019,1.301,1.219,1.036,0.159,0.175,0.056
Estonia,5.893,55,2019,1.237,1.528,0.874,0.495,0.103,0.161
Jamaica,5.890,56,2019,0.831,1.478,0.831,0.490,0.107,0.028
Mauritius,5.888,57,2019,1.120,1.402,0.798,0.498,0.215,0.060
Japan,5.886,58,2019,1.327,1.419,1.088,0.445,0.069,0.140
Honduras,5.860,59,2019,0.642,1.236,0.828,0.507,0.246,0.078
Kazakhstan,5.809,60,2019,1.173,1.508,0.729,0.410,0.146,0.096
Bolivia,5.779,61,2019,0.776,1.209,0.706,0.511,0.137,0.064
Hungary,5.758,62,2019,1.201,1.410,0.828,0.199,0.081,0.020
Paraguay,5.743,63,2019,0.855,1.475,0.777,0.514,0.184,0.080
North Cyprus,5.718,64,2019,1.263,1.252,1.042,0.417,0.191,0.162
Peru,5.697,65,2019,0.960,1.274,0.854,0.455,0.083,0.027
Portugal,5.693,66,2019,1.221,1.431,0.999,0.508,0.047,0.025
Pakistan,5.653,67,2019,0.677,0.886,0.535,0.313,0.220,0.098
Russia,5.648,68,2019,1.183,1.452,0.726,0.334,0.082,0.031
Philippines,5.631,69,2019,0.807,1.293,0.657,0.558,0.117,0.107
Serbia,5.603,70,2019,1.004,1.383,0.854,0.282,0.137,0.039
Moldova,5.529,71,2019,0.685,1.328,0.739,0.245,0.181,0.000
Libya,5.525,72,2019,1.044,1.303,0.673,0.416,0.133,0.152
Montenegro,5.523,73,2019,1.051,1.361,0.871,0.197,0.142,0.080
Tajikistan,5.467,74,2019,0.493,1.098,0.718,0.389,0.230,0.144
Croatia,5.432,75,2019,1.155,1.266,0.914,0.296,0.119,0.022
Hong Kong S.A.R. of China,5.430,76,2019,1.438,1.277,1.122,0.440,0.258,0.287
Dominican Republic,5.425,77,2019,1.015,1.401,0.779,0.497,0.113,0.101
Bosnia and Herzegovina,5.386,78,2019,0.945,1.212,0.845,0.212,0.263,0.006
Turkey,5.373,79,2019,1.183,1.360,0.808,0.195,0.083,0.106
Malaysia,5.339,80,2019,1.221,1.171,0.828,0.508,0.260,0.024
Belarus,5.323,81,2019,1.067,1.465,0.789,0.235,0.094,0.142
Greece,5.287,82,2019,1.181,1.156,0.999,0.067,0.000,0.034
Mongolia,5.285,83,2019,0.948,1.531,0.667,0.317,0.235,0.038
Macedonia,5.274,84,2019,0.983,1.294,0.838,0.345,0.185,0.034
Nigeria,5.265,85,2019,0.696,1.111,0.245,0.426,0.215,0.041
Kyrgyzstan,5.261,86,2019,0.551,1.438,0.723,0.508,0.300,0.023
Turkmenistan,5.247,87,2019,1.052,1.538,0.657,0.394,0.244,0.028
Algeria,5.211,88,2019,1.002,1.160,0.785,0.086,0.073,0.114
Morocco,5.208,89,2019,0.801,0.782,0.782,0.418,0.036,0.076
Azerbaijan,5.208,90,2019,1.043,1.147,0.769,0.351,0.035,0.182
Lebanon,5.197,91,2019,0.987,1.224,0.815,0.216,0.166,0.027
Indonesia,5.192,92,2019,0.931,1.203,0.660,0.491,0.498,0.028
China,5.191,93,2019,1.029,1.125,0.893,0.521,0.058,0.100
Vietnam,5.175,94,2019,0.741,1.346,0.851,0.543,0.147,0.073
Bhutan,5.082,95,2019,0.813,1.321,0.604,0.457,0.370,0.167
Cameroon,5.044,96,2019,0.549,0.910,0.331,0.381,0.187,0.037
Bulgaria,5.011,97,2019,1.092,1.513,0.815,0.311,0.081,0.004
Ghana,4.996,98,2019,0.611,0.868,0.486,0.381,0.245,0.040
Ivory Coast,4.944,99,2019,0.569,0.808,0.232,0.352,0.154,0.090
Nepal,4.913,100,2019,0.446,1.226,0.677,0.439,0.285,0.089
Jordan,4.906,101,2019,0.837,1.225,0.815,0.383,0.110,0.130
Benin,4.883,102,2019,0.393,0.437,0.397,0.349,0.175,0.082
Congo (Brazzaville),4.812,103,2019,0.673,0.799,0.508,0.372,0.105,0.093
Gabon,4.799,104,2019,1.057,1.183,0.571,0.295,0.043,0.055
Laos,4.796,105,2019,0.764,1.030,0.551,0.547,0.266,0.164
South Africa,4.722,106,2019,0.960,1.351,0.469,0.389,0.130,0.055
Albania,4.719,107,2019,0.947,0.848,0.874,0.383,0.178,0.027
Venezuela,4.707,108,2019,0.960,1.427,0.805,0.154,0.064,0.047
Cambodia,4.700,109,2019,0.574,1.122,0.637,0.609,0.232,0.062
Palestinian Territories,4.696,110,2019,0.657,1.247,0.672,0.225,0.103,0.066
Senegal,4.681,111,2019,0.450,1.134,0.571,0.292,0.153,0.072
Somalia,4.668,112,2019,0.000,0.698,0.268,0.559,0.243,0.270
Namibia,4.639,113,2019,0.879,1.313,0.477,0.401,0.070,0.056
Niger,4.628,114,2019,0.138,0.774,0.366,0.318,0.188,0.102
Burkina Faso,4.587,115,2019,0.331,1.056,0.380,0.255,0.177,0.113
Armenia,4.559,116,2019,0.850,1.055,0.815,0.283,0.095,0.064
Iran,4.548,117,2019,1.100,0.842,0.785,0.305,0.270,0.125
Guinea,4.534,118,2019,0.380,0.829,0.375,0.332,0.207,0.086
Georgia,4.519,119,2019,0.886,0.666,0.752,0.346,0.043,0.164
Gambia,4.516,120,2019,0.308,0.939,0.428,0.382,0.269,0.167
Kenya,4.509,121,2019,0.512,0.983,0.581,0.431,0.372,0.053
Mauritania,4.490,122,2019,0.570,1.167,0.489,0.066,0.106,0.088
Mozambique,4.466,123,2019,0.204,0.986,0.390,0.494,0.197,0.138
Tunisia,4.461,124,2019,0.921,1.000,0.815,0.167,0.059,0.055
Bangladesh,4.456,125,2019,0.562,0.928,0.723,0.527,0.166,0.143
Iraq,4.437,126,2019,1.043,0.980,0.574,0.241,0.148,0.089
Congo (Kinshasa),4.418,127,2019,0.094,1.125,0.357,0.269,0.212,0.053
Mali,4.390,128,2019,0.385,1.105,0.308,0.327,0.153,0.052
Sierra Leone,4.374,129,2019,0.268,0.841,0.242,0.309,0.252,0.045
Sri Lanka,4.366,130,2019,0.949,1.265,0.831,0.470,0.244,0.047
Myanmar,4.360,131,2019,0.710,1.181,0.555,0.525,0.566,0.172
Chad,4.350,132,2019,0.350,0.766,0.192,0.174,0.198,0.078
Ukraine,4.332,133,2019,0.820,1.390,0.739,0.178,0.187,0.010
Ethiopia,4.286,134,2019,0.336,1.033,0.532,0.344,0.209,0.100
Swaziland,4.212,135,2019,0.811,1.149,0.000,0.313,0.074,0.135
Uganda,4.189,136,2019,0.332,1.069,0.443,0.356,0.252,0.060
Egypt,4.166,137,2019,0.913,1.039,0.644,0.241,0.076,0.067
Zambia,4.107,138,2019,0.578,1.058,0.426,0.431,0.247,0.087
Togo,4.085,139,2019,0.275,0.572,0.410,0.293,0.177,0.085
India,4.015,140,2019,0.755,0.765,0.588,0.498,0.200,0.085
Liberia,3.975,141,2019,0.073,0.922,0.443,0.370,0.233,0.033
Comoros,3.973,142,2019,0.274,0.757,0.505,0.142,0.275,0.078
Madagascar,3.933,143,2019,0.274,0.916,0.555,0.148,0.169,0.041
Lesotho,3.802,144,2019,0.489,1.169,0.168,0.359,0.107,0.093
Burundi,3.775,145,2019,0.046,0.447,0.380,0.220,0.176,0.180
Zimbabwe,3.663,146,2019,0.366,1.114,0.433,0.361,0.151,0.089
Haiti,3.597,147,2019,0.323,0.688,0.449,0.026,0.419,0.110
Botswana,3.488,148,2019,1.041,1.145,0.538,0.455,0.025,0.100
Syria,3.462,149,2019,0.619,0.378,0.440,0.013,0.331,0.141
Malawi,3.410,150,2019,0.191,0.560,0.495,0.443,0.218,0.089
Yemen,3.380,151,2019,0.287,1.163,0.463,0.143,0.108,0.077
Rwanda,3.334,152,2019,0.359,0.711,0.614,0.555,0.217,0.411
Tanzania,3.231,153,2019,0.476,0.885,0.499,0.417,0.276,0.147
Afghanistan,3.203,154,2019,0.350,0.517,0.361,0.000,0.158,0.025
Central African Republic,3.083,155,2019,0.026,0.000,0.105,0.225,0.235,0.035
South Sudan,2.853,156,2019,0.306,0.575,0.295,0.010,0.202,0.091
Finland,7.808700085,1,2020,10.6393,0.9543,71.9008,0.9492,-0.0595,0.1954
Denmark,7.645599842,2,2020,10.7740,0.9560,72.4025,0.9514,0.0662,0.1685
Switzerland,7.559899807,3,2020,10.9799,0.9428,74.1024,0.9213,0.1059,0.3037
Iceland,7.504499912,4,2020,10.7726,0.9747,73.0000,0.9489,0.2469,0.7117
Norway,7.487999916,5,2020,11.0878,0.9525,73.2008,0.9558,0.1345,0.2632
Netherlands,7.448900223,6,2020,10.8127,0.9391,72.3009,0.9085,0.2076,0.3647
Sweden,7.353499889,7,2020,10.7588,0.9263,72.6008,0.9391,0.1116,0.2509
New Zealand,7.299600124,8,2020,10.5009,0.9491,73.2026,0.9362,0.1916,0.2211
Austria,7.294199944,9,2020,10.7428,0.9280,73.0025,0.9000,0.0854,0.5000
Luxembourg,7.237500191,10,2020,11.4507,0.9069,72.6000,0.9056,-0.0046,0.3671
Canada,7.23210001,11,2020,10.6924,0.9272,73.6016,0.9339,0.1248,0.3908
Australia,7.222799778,12,2020,10.7206,0.9449,73.6045,0.9154,0.1905,0.4152
United Kingdom,7.164500237,13,2020,10.6001,0.9367,72.3016,0.8347,0.2637,0.4359
Israel,7.128600121,14,2020,10.4175,0.9136,73.2003,0.7476,0.1026,0.7809
Costa Rica,7.121399879,15,2020,9.6582,0.9015,71.2999,0.9347,-0.1024,0.7863
Ireland,7.093699932,16,2020,11.1610,0.9421,72.3008,0.8870,0.1458,0.3572
Germany,7.075799942,17,2020,10.7328,0.8989,72.2020,0.8674,0.0802,0.4564
United States,6.939599991,18,2020,10.9258,0.9142,68.2995,0.8426,0.1499,0.6997
Czech Republic,6.910900116,19,2020,10.4042,0.9144,70.0479,0.8185,-0.2309,0.8584
Belgium,6.863500118,20,2020,10.6736,0.9116,72.0016,0.8136,-0.0787,0.6123
United Arab Emirates,6.790800095,21,2020,11.1100,0.8492,67.0828,0.9413,0.1235,0.5945
Malta,6.772799969,22,2020,10.5338,0.9304,72.2000,0.9249,0.2150,0.6585
France,6.663799763,23,2020,10.5842,0.9371,73.8019,0.8255,-0.1306,0.5835
Mexico,6.465000153,24,2020,9.7978,0.8387,68.2990,0.8587,-0.1753,0.8068
Taiwan Province of China,6.45539999,25,2020,10.7757,0.8943,69.6000,0.7715,-0.0732,0.7319
Uruguay,6.440100193,26,2020,9.9482,0.9228,69.0025,0.8924,-0.1011,0.6360
Saudi Arabia,6.406499863,27,2020,10.7978,0.8741,66.3051,0.8542,-0.1687,0.6826
Spain,6.400899887,28,2020,10.4629,0.9211,74.4027,0.7520,-0.0510,0.7659
Guatemala,6.398900032,29,2020,8.9248,0.8166,64.8089,0.9081,-0.0429,0.7832
Italy,6.38740015,30,2020,10.4818,0.8899,73.6017,0.6647,-0.0435,0.8734
Singapore,6.377099991,31,2020,11.3955,0.9103,76.8046,0.9266,0.0299,0.1098
Brazil,6.375599861,32,2020,9.5664,0.8967,66.4802,0.7998,-0.1018,0.7706
Slovenia,6.363399982,33,2020,10.3923,0.9396,71.1030,0.9361,-0.0806,0.8171
El Salvador,6.34829998,34,2020,8.9091,0.8061,66.1083,0.8338,-0.1211,0.7543
Kosovo,6.325200081,35,2020,9.2044,0.8207,63.8856,0.8615,0.1909,0.9223
Panama,6.304800034,36,2020,10.0342,0.9021,69.6030,0.8804,-0.1539,0.8516
Slovakia,6.280600071,37,2020,10.3477,0.9225,68.9063,0.7500,-0.1244,0.9181
Uzbekistan,6.257599831,38,2020,8.7404,0.9266,65.1076,0.9750,0.2484,0.5015
Chile,6.228499889,39,2020,10.0321,0.8797,69.9006,0.7449,-0.0657,0.8382
Bahrain,6.227300167,40,2020,10.6764,0.8763,68.5000,0.9059,0.1337,0.7393
Lithuania,6.215499878,41,2020,10.3436,0.9261,67.2941,0.7474,-0.2197,0.8096
Trinidad and Tobago,6.191899776,42,2020,10.2600,0.9153,63.5000,0.8579,0.0005,0.9122
Poland,6.186299801,43,2020,10.2651,0.8743,69.3111,0.8621,-0.2051,0.6869
Colombia,6.163400173,44,2020,9.5004,0.8844,67.6996,0.8362,-0.1612,0.8646
Cyprus,6.15899992,45,2020,10.4057,0.8060,73.7022,0.7799,0.0437,0.8563
Nicaragua,6.13710022,46,2020,8.4932,0.8575,67.5072,0.8639,0.0210,0.6660
Romania,6.123700142,47,2020,10.1076,0.8252,67.2072,0.8428,-0.1978,0.9343
Kuwait,6.102099895,48,2020,11.0898,0.8465,66.7676,0.8724,-0.1002,0.7608
Mauritius,6.101299763,49,2020,9.9568,0.9104,66.4043,0.8895,-0.0183,0.8053
Kazakhstan,6.057899952,50,2020,10.1147,0.9347,64.6100,0.8116,-0.0685,0.7645
Estonia,6.021800041,51,2020,10.3400,0.9347,68.6050,0.8777,-0.1117,0.6231
Philippines,6.006000042,52,2020,8.9935,0.8467,61.9268,0.9155,-0.1055,0.7336
Hungary,6.000400066,53,2020,10.2492,0.9219,67.6100,0.7190,-0.1943,0.8929
Thailand,5.998799801,54,2020,9.7418,0.8900,67.2506,0.9051,0.2687,0.8863
Argentina,5.974699974,55,2020,9.8110,0.9006,68.8038,0.8311,-0.1949,0.8420
Honduras,5.953199863,56,2020,8.4245,0.8219,67.1988,0.8706,0.0870,0.8011
Latvia,5.949999809,57,2020,10.1753,0.9183,66.8075,0.6712,-0.1869,0.7956
Ecuador,5.925199986,58,2020,9.2461,0.8364,68.5000,0.8598,-0.1270,0.8012
Portugal,5.910900116,59,2020,10.2637,0.8866,72.4020,0.8887,-0.2207,0.8926
Jamaica,5.889800072,60,2020,9.0063,0.9157,67.1000,0.8581,-0.1251,0.8889
South Korea,5.872399807,61,2020,10.5106,0.7994,73.6027,0.6130,-0.0434,0.7891
Japan,5.870800018,62,2020,10.5797,0.8835,75.0010,0.8100,-0.2469,0.6546
Peru,5.796800137,63,2020,9.4563,0.8311,68.1002,0.8248,-0.1624,0.8937
Serbia,5.77820015,64,2020,9.6810,0.8815,68.2102,0.7265,-0.0737,0.8435
Bolivia,5.747499943,65,2020,8.8511,0.8031,63.6005,0.8759,-0.0917,0.8226
Pakistan,5.69329977,66,2020,8.4827,0.6891,58.2531,0.7348,0.0449,0.7457
Paraguay,5.692100048,67,2020,9.3900,0.8987,65.6399,0.8859,0.0080,0.8348
Dominican Republic,5.689199924,68,2020,9.6649,0.8821,65.8075,0.8662,-0.1313,0.7560
Bosnia and Herzegovina,5.674099922,69,2020,9.4558,0.8292,67.8081,0.6514,0.0983,0.9338
Moldova,5.607500076,70,2020,8.7767,0.8433,65.0130,0.7216,-0.0377,0.9133
Tajikistan,5.555699825,71,2020,8.0248,0.8353,64.1046,0.8314,-0.0251,0.5921
Montenegro,5.54610014,72,2020,9.7519,0.8553,68.5053,0.6496,-0.0756,0.7831
Russia,5.546000004,73,2020,10.1289,0.9032,64.1005,0.7299,-0.1512,0.8648
Kyrgyzstan,5.541500092,74,2020,8.1484,0.8872,64.1060,0.9094,0.1548,0.8884
Belarus,5.539899826,75,2020,9.7799,0.9067,66.1043,0.6392,-0.1649,0.6357
North Cyprus,5.53550005,76,2020,10.4057,0.8204,73.7022,0.7953,0.0002,0.6261
Greece,5.514999866,77,2020,10.1323,0.8144,72.4053,0.5413,-0.3009,0.8599
Hong Kong S.A.R. of China,5.510399818,78,2020,10.9347,0.8460,76.7717,0.7798,0.1350,0.4206
Croatia,5.504700184,79,2020,10.0709,0.8746,70.2149,0.7148,-0.1285,0.9165
Libya,5.488800049,80,2020,9.7898,0.8259,62.3000,0.7732,-0.0851,0.6688
Mongolia,5.456200123,81,2020,9.4122,0.9371,62.3045,0.6934,0.0981,0.8635
Malaysia,5.384300232,82,2020,10.2625,0.8165,67.1022,0.8946,0.1147,0.8393
Vietnam,5.353499889,83,2020,8.8095,0.8500,67.9527,0.9396,-0.0945,0.7964
Indonesia,5.285600185,84,2020,9.3698,0.8084,62.1558,0.8706,0.5196,0.8763
Ivory Coast,5.233300209,85,2020,8.2256,0.6580,49.5038,0.7279,-0.0440,0.7908
Benin,5.21600008,86,2020,7.6743,0.4687,54.3125,0.7352,-0.0035,0.7405
Maldives,5.197599888,87,2020,9.5186,0.9132,70.6000,0.8540,0.0381,0.8242
Congo (Brazzaville),5.194399834,88,2020,8.5370,0.6402,57.9245,0.7191,-0.1237,0.7518
Azerbaijan,5.164800167,89,2020,9.6877,0.8193,65.5084,0.7868,-0.2403,0.5525
Macedonia,5.159800053,90,2020,9.5106,0.8204,67.5044,0.7388,-0.0199,0.8975
Ghana,5.147999763,91,2020,8.3506,0.7286,57.2040,0.7948,0.0942,0.8480
Nepal,5.137199879,92,2020,7.9254,0.7855,63.7792,0.7976,0.1542,0.7381
Turkey,5.131800175,93,2020,10.1294,0.8263,66.9028,0.6088,-0.1710,0.7482
China,5.123899937,94,2020,9.6886,0.7988,69.2892,0.8985,-0.1814,0.7540
Turkmenistan,5.119100094,95,2020,9.7480,0.9590,62.2117,0.8265,0.1877,0.8837
Bulgaria,5.101500034,96,2020,9.8693,0.9378,66.8040,0.7452,-0.1439,0.9356
Morocco,5.094799995,97,2020,8.9403,0.5926,65.8962,0.7721,-0.2404,0.8157
Cameroon,5.084899902,98,2020,8.1186,0.7004,52.7049,0.7631,-0.0015,0.8513
Venezuela,5.053199768,99,2020,8.9778,0.8904,66.5053,0.6233,-0.1691,0.8370
Algeria,5.005099773,100,2020,9.5380,0.8034,65.9052,0.4666,-0.1211,0.7355
Senegal,4.980800152,101,2020,8.1190,0.7236,59.5992,0.6906,-0.0523,0.8088
Guinea,4.949299812,102,2020,7.7510,0.6376,54.4678,0.7068,0.0763,0.7618
Niger,4.909599781,103,2020,6.8422,0.6174,53.5001,0.7598,0.0139,0.7225
Laos,4.888599873,104,2020,8.7986,0.7375,58.7099,0.9072,0.1114,0.6347
Albania,4.882699966,105,2020,9.4179,0.6711,68.7081,0.7820,-0.0423,0.8963
Cambodia,4.848400116,106,2020,8.2499,0.7731,61.5300,0.9597,0.0519,0.8228
Bangladesh,4.832799911,107,2020,8.2871,0.6873,64.5031,0.9006,-0.0337,0.6618
Gabon,4.829299927,108,2020,9.6805,0.7879,59.7153,0.7048,-0.2223,0.8492
South Africa,4.814099789,109,2020,9.4034,0.8525,56.5060,0.7593,-0.1098,0.8434
Iraq,4.784800053,110,2020,9.6611,0.7477,59.9035,0.6332,-0.0696,0.8223
Lebanon,4.771500111,111,2020,9.3617,0.8243,67.1066,0.5514,-0.0612,0.9023
Burkina Faso,4.768700123,112,2020,7.4685,0.7129,53.8895,0.6656,-0.0191,0.7398
Gambia,4.750599861,113,2020,7.3218,0.6932,55.0120,0.7332,0.3432,0.6907
Mali,4.729300022,114,2020,7.6299,0.7315,51.7270,0.7116,-0.0444,0.8393
Nigeria,4.724100113,115,2020,8.5766,0.7372,49.8619,0.7596,0.0337,0.8619
Armenia,4.676799774,116,2020,9.1005,0.7575,66.7507,0.7120,-0.1388,0.7735
Georgia,4.672599792,117,2020,9.2261,0.6290,64.4952,0.8016,-0.2289,0.6659
Iran,4.672399998,118,2020,9.8137,0.6947,66.0061,0.6479,0.1179,0.7146
Jordan,4.633399963,119,2020,9.0260,0.8022,66.7998,0.7510,-0.1626,0.7003
Mozambique,4.623600006,120,2020,7.0693,0.7239,54.2058,0.8645,0.0324,0.6830
Kenya,4.583000183,121,2020,8.0298,0.7027,60.0969,0.8297,0.2947,0.8315
Namibia,4.571100235,122,2020,9.2031,0.8469,56.5015,0.7675,-0.1853,0.8514
Ukraine,4.56069994,123,2020,9.0107,0.8789,64.6068,0.6631,-0.0309,0.9206
Liberia,4.557899952,124,2020,7.0544,0.7093,56.0963,0.7353,0.0423,0.8564
Palestinian Territories,4.552800179,125,2020,8.3892,0.8253,62.2500,0.6458,-0.1621,0.8242
Uganda,4.43200016,126,2020,7.5004,0.7650,55.7082,0.7317,0.0995,0.8367
Chad,4.422699928,127,2020,7.4680,0.6324,48.2205,0.5873,0.0178,0.8028
Tunisia,4.392199993,128,2020,9.3150,0.6887,66.8979,0.5934,-0.2164,0.8676
Mauritania,4.374599934,129,2020,8.2339,0.7908,57.0102,0.5515,-0.1060,0.7462
Sri Lanka,4.327000141,130,2020,9.3900,0.8254,67.2001,0.8376,0.0811,0.8590
Congo (Kinshasa),4.31099987,131,2020,6.6943,0.6722,52.9000,0.7008,0.0836,0.8094
Swaziland,4.308100224,132,2020,9.1627,0.7703,51.1882,0.6468,-0.1992,0.7083
Myanmar,4.308000088,133,2020,8.6805,0.7844,58.9617,0.8951,0.5607,0.6451
Comoros,4.288599968,134,2020,7.8336,0.6257,57.3490,0.5476,0.0900,0.7806
Togo,4.187200069,135,2020,7.3577,0.5513,54.7199,0.6498,0.0027,0.7577
Ethiopia,4.186200142,136,2020,7.5094,0.7433,58.6396,0.7408,0.0434,0.7537
Madagascar,4.165599823,137,2020,7.2817,0.6682,59.1054,0.5576,-0.0118,0.8175
Egypt,4.151400089,138,2020,9.3165,0.7354,61.7802,0.7084,-0.1969,0.7877
Sierra Leone,3.926399946,139,2020,7.2688,0.6361,50.8651,0.7153,0.0887,0.8613
Burundi,3.775300026,140,2020,6.4926,0.4903,53.4000,0.6264,-0.0176,0.6069
Zambia,3.759399891,141,2020,8.2247,0.6988,55.2994,0.8065,0.0780,0.8013
Haiti,3.720799923,142,2020,7.4113,0.5932,55.5986,0.5378,0.4005,0.6848
Lesotho,3.652800083,143,2020,7.9605,0.7805,48.0036,0.7381,-0.1457,0.8574
India,3.573299885,144,2020,8.8498,0.5922,60.2152,0.8814,0.0576,0.7720
Malawi,3.538000107,145,2020,7.0622,0.5440,57.5929,0.8032,0.0214,0.7317
Yemen,3.527400017,146,2020,7.7597,0.8180,56.7273,0.5999,-0.1577,0.8003
Botswana,3.478899956,147,2020,9.7112,0.7791,58.9245,0.8213,-0.2504,0.7779
Tanzania,3.476200104,148,2020,7.9677,0.6889,57.4961,0.8215,0.1097,0.6198
Central African Republic,3.475899935,149,2020,6.6252,0.3195,45.2000,0.6409,0.0824,0.8918
Rwanda,3.312299967,150,2020,7.6001,0.5408,61.0988,0.9006,0.0555,0.1835
Zimbabwe,3.299200058,151,2020,7.8657,0.7631,55.6173,0.7115,-0.0721,0.8102
South Sudan,2.816600084,152,2020,7.4254,0.5537,51.0000,0.4513,0.0165,0.7634
Afghanistan,2.566900015,153,2020,7.4629,0.4704,52.5900,0.3966,-0.0964,0.9337
Finland,7.842,1,2021,10.775,0.954,72.000,0.949,-0.098,0.186
Denmark,7.620,2,2021,10.933,0.954,72.700,0.946,0.030,0.179
Switzerland,7.571,3,2021,11.117,0.942,74.400,0.919,0.025,0.292
Iceland,7.554,4,2021,10.878,0.983,73.000,0.955,0.160,0.673
Netherlands,7.464,5,2021,10.932,0.942,72.400,0.913,0.175,0.338
Norway,7.392,6,2021,11.053,0.954,73.300,0.960,0.093,0.270
Sweden,7.363,7,2021,10.867,0.934,72.700,0.945,0.086,0.237
Luxembourg,7.324,8,2021,11.647,0.908,72.600,0.907,-0.034,0.386
New Zealand,7.277,9,2021,10.643,0.948,73.400,0.929,0.134,0.242
Austria,7.268,10,2021,10.906,0.934,73.300,0.908,0.042,0.481
Australia,7.183,11,2021,10.796,0.940,73.900,0.914,0.159,0.442
Israel,7.157,12,2021,10.575,0.939,73.503,0.800,0.031,0.753
Germany,7.155,13,2021,10.873,0.903,72.500,0.875,0.011,0.460
Canada,7.103,14,2021,10.776,0.926,73.800,0.915,0.089,0.415
Ireland,7.085,15,2021,11.342,0.947,72.400,0.879,0.077,0.363
Costa Rica,7.069,16,2021,9.880,0.891,71.400,0.934,-0.126,0.809
United Kingdom,7.064,17,2021,10.707,0.934,72.500,0.859,0.233,0.459
Czech Republic,6.965,18,2021,10.556,0.947,70.807,0.858,-0.208,0.868
United States,6.951,19,2021,11.023,0.920,68.200,0.837,0.098,0.698
Belgium,6.834,20,2021,10.823,0.906,72.199,0.783,-0.153,0.646
France,6.690,21,2021,10.704,0.942,74.000,0.822,-0.147,0.571
Bahrain,6.647,22,2021,10.669,0.862,69.495,0.925,0.089,0.722
Malta,6.602,23,2021,10.674,0.931,72.200,0.927,0.133,0.653
Taiwan Province of China,6.584,24,2021,10.871,0.898,69.600,0.784,-0.070,0.721
United Arab Emirates,6.561,25,2021,11.085,0.844,67.333,0.932,0.074,0.589
Saudi Arabia,6.494,26,2021,10.743,0.891,66.603,0.877,-0.149,0.684
Spain,6.491,27,2021,10.571,0.932,74.700,0.761,-0.081,0.745
Italy,6.483,28,2021,10.623,0.880,73.800,0.693,-0.084,0.866
Slovenia,6.461,29,2021,10.529,0.948,71.400,0.949,-0.101,0.806
Guatemala,6.435,30,2021,9.053,0.813,64.958,0.906,-0.038,0.775
Uruguay,6.431,31,2021,9.966,0.925,69.100,0.896,-0.092,0.590
Singapore,6.377,32,2021,11.488,0.915,76.953,0.927,-0.018,0.082
Kosovo,6.372,33,2021,9.318,0.821,63.813,0.869,0.257,0.917
Slovakia,6.331,34,2021,10.369,0.936,69.201,0.766,-0.124,0.911
Brazil,6.330,35,2021,9.577,0.882,66.601,0.804,-0.071,0.756
Mexico,6.317,36,2021,9.859,0.831,68.597,0.862,-0.147,0.799
Jamaica,6.309,37,2021,9.186,0.877,67.500,0.890,-0.137,0.884
Lithuania,6.255,38,2021,10.499,0.935,67.906,0.773,-0.203,0.826
Cyprus,6.223,39,2021,10.576,0.802,73.898,0.763,-0.015,0.844
Estonia,6.189,40,2021,10.481,0.941,68.800,0.909,-0.106,0.527
Panama,6.180,41,2021,10.350,0.896,69.652,0.872,-0.166,0.856
Uzbekistan,6.179,42,2021,8.836,0.918,65.255,0.970,0.311,0.515
Chile,6.172,43,2021,10.071,0.882,70.000,0.742,-0.044,0.830
Poland,6.166,44,2021,10.382,0.898,69.702,0.841,-0.165,0.735
Kazakhstan,6.152,45,2021,10.155,0.952,65.200,0.853,-0.069,0.733
Romania,6.140,46,2021,10.284,0.832,67.355,0.845,-0.219,0.938
Kuwait,6.106,47,2021,10.817,0.843,66.900,0.867,-0.104,0.736
Serbia,6.078,48,2021,9.787,0.873,68.600,0.778,0.002,0.835
El Salvador,6.061,49,2021,9.054,0.762,66.402,0.888,-0.110,0.688
Mauritius,6.049,50,2021,10.008,0.905,66.701,0.867,-0.054,0.789
Latvia,6.032,51,2021,10.315,0.927,67.100,0.715,-0.162,0.800
Colombia,6.012,52,2021,9.557,0.847,68.001,0.837,-0.135,0.841
Hungary,5.992,53,2021,10.358,0.943,68.000,0.755,-0.186,0.876
Thailand,5.985,54,2021,9.805,0.888,67.401,0.884,0.287,0.895
Nicaragua,5.972,55,2021,8.620,0.864,67.657,0.836,0.020,0.664
Japan,5.940,56,2021,10.611,0.884,75.100,0.796,-0.258,0.638
Argentina,5.929,57,2021,9.962,0.898,69.000,0.828,-0.182,0.834
Portugal,5.929,58,2021,10.421,0.879,72.600,0.892,-0.244,0.887
Honduras,5.919,59,2021,8.648,0.812,67.300,0.857,0.081,0.809
Croatia,5.882,60,2021,10.217,0.924,70.799,0.754,-0.118,0.939
Philippines,5.880,61,2021,9.076,0.830,62.000,0.917,-0.097,0.742
South Korea,5.845,62,2021,10.651,0.799,73.900,0.672,-0.083,0.727
Peru,5.840,63,2021,9.458,0.832,68.250,0.822,-0.154,0.891
Bosnia and Herzegovina,5.813,64,2021,9.590,0.870,68.098,0.706,0.113,0.931
Moldova,5.766,65,2021,9.454,0.857,65.699,0.822,-0.079,0.918
Ecuador,5.764,66,2021,9.313,0.821,68.800,0.842,-0.124,0.843
Kyrgyzstan,5.744,67,2021,8.538,0.893,64.401,0.935,0.119,0.908
Greece,5.723,68,2021,10.279,0.823,72.600,0.582,-0.288,0.823
Bolivia,5.716,69,2021,9.046,0.810,63.901,0.875,-0.077,0.839
Mongolia,5.677,70,2021,9.400,0.935,62.500,0.708,0.116,0.856
Paraguay,5.653,71,2021,9.448,0.893,65.900,0.876,0.028,0.882
Montenegro,5.581,72,2021,9.940,0.858,68.699,0.708,-0.034,0.812
Dominican Republic,5.545,73,2021,9.802,0.853,66.102,0.860,-0.133,0.714
North Cyprus,5.536,74,2021,10.576,0.820,73.898,0.795,0.012,0.626
Belarus,5.534,75,2021,9.853,0.910,66.253,0.650,-0.180,0.627
Russia,5.477,76,2021,10.189,0.903,64.703,0.718,-0.111,0.845
Hong Kong S.A.R. of China,5.477,77,2021,11.000,0.836,76.820,0.717,0.067,0.403
Tajikistan,5.466,78,2021,8.091,0.860,64.281,0.832,-0.056,0.553
Vietnam,5.411,79,2021,8.973,0.850,68.034,0.940,-0.098,0.796
Libya,5.410,80,2021,9.622,0.827,62.300,0.771,-0.087,0.667
Malaysia,5.384,81,2021,10.238,0.817,67.102,0.895,0.125,0.839
Indonesia,5.345,82,2021,9.365,0.811,62.236,0.873,0.542,0.867
Congo (Brazzaville),5.342,83,2021,8.117,0.636,58.221,0.695,-0.068,0.745
China,5.339,84,2021,9.673,0.811,69.593,0.904,-0.146,0.755
Ivory Coast,5.306,85,2021,8.551,0.644,50.114,0.741,-0.016,0.794
Armenia,5.283,86,2021,9.487,0.799,67.055,0.825,-0.168,0.629
Nepal,5.269,87,2021,8.120,0.774,64.233,0.782,0.152,0.727
Bulgaria,5.266,88,2021,10.016,0.931,67.000,0.788,-0.096,0.932
Maldives,5.198,89,2021,9.826,0.913,70.600,0.854,0.024,0.825
Azerbaijan,5.171,90,2021,9.569,0.836,65.656,0.814,-0.223,0.506
Cameroon,5.142,91,2021,8.189,0.710,53.515,0.731,0.026,0.848
Senegal,5.132,92,2021,8.118,0.710,59.802,0.695,-0.046,0.801
Albania,5.117,93,2021,9.520,0.697,68.999,0.785,-0.030,0.901
North Macedonia,5.101,94,2021,9.693,0.805,65.474,0.751,0.038,0.905
Ghana,5.088,95,2021,8.580,0.727,57.586,0.807,0.123,0.848
Niger,5.074,96,2021,7.098,0.641,53.780,0.806,0.018,0.693
Turkmenistan,5.066,97,2021,9.629,0.983,62.409,0.877,0.273,0.888
Gambia,5.051,98,2021,7.686,0.690,55.160,0.697,0.424,0.746
Benin,5.045,99,2021,8.087,0.489,54.713,0.757,-0.034,0.661
Laos,5.030,100,2021,8.947,0.728,58.968,0.910,0.123,0.658
Bangladesh,5.025,101,2021,8.454,0.693,64.800,0.877,-0.041,0.682
Guinea,4.984,102,2021,7.838,0.639,55.008,0.697,0.095,0.766
South Africa,4.956,103,2021,9.403,0.860,56.904,0.749,-0.067,0.860
Turkey,4.948,104,2021,10.240,0.822,67.199,0.576,-0.139,0.776
Pakistan,4.934,105,2021,8.458,0.651,58.709,0.726,0.098,0.787
Morocco,4.918,106,2021,8.903,0.560,66.208,0.774,-0.236,0.801
Venezuela,4.892,107,2021,9.073,0.861,66.700,0.615,-0.169,0.827
Georgia,4.891,108,2021,9.585,0.671,64.300,0.783,-0.238,0.655
Algeria,4.887,109,2021,9.342,0.802,66.005,0.480,-0.067,0.752
Ukraine,4.875,110,2021,9.436,0.888,64.902,0.724,-0.011,0.924
Iraq,4.854,111,2021,9.240,0.746,60.583,0.630,-0.053,0.875
Gabon,4.852,112,2021,9.603,0.776,59.962,0.731,-0.200,0.840
Burkina Faso,4.834,113,2021,7.678,0.672,54.151,0.695,-0.009,0.748
Cambodia,4.830,114,2021,8.360,0.765,62.000,0.959,0.034,0.843
Mozambique,4.794,115,2021,7.158,0.744,54.706,0.882,0.061,0.684
Nigeria,4.759,116,2021,8.533,0.740,50.102,0.737,0.037,0.878
Mali,4.723,117,2021,7.744,0.724,51.969,0.697,-0.036,0.827
Iran,4.721,118,2021,9.584,0.710,66.300,0.608,0.218,0.714
Uganda,4.636,119,2021,7.677,0.781,56.101,0.709,0.122,0.855
Liberia,4.625,120,2021,7.288,0.720,56.498,0.735,0.050,0.850
Kenya,4.607,121,2021,8.361,0.688,60.704,0.779,0.287,0.825
Tunisia,4.596,122,2021,9.266,0.691,67.201,0.656,-0.201,0.870
Lebanon,4.584,123,2021,9.626,0.848,67.355,0.525,-0.073,0.898
Namibia,4.574,124,2021,9.161,0.818,56.799,0.719,-0.149,0.847
Palestinian Territories,4.517,125,2021,8.485,0.826,62.250,0.653,-0.163,0.821
Myanmar,4.426,126,2021,8.541,0.779,59.302,0.876,0.509,0.660
Jordan,4.395,127,2021,9.182,0.767,67.000,0.755,-0.167,0.705
Chad,4.355,128,2021,7.364,0.619,48.478,0.579,0.041,0.807
Sri Lanka,4.325,129,2021,9.470,0.827,67.299,0.841,0.079,0.863
Swaziland,4.308,130,2021,9.065,0.770,50.833,0.647,-0.185,0.708
Comoros,4.289,131,2021,8.031,0.626,57.349,0.548,0.082,0.781
Egypt,4.283,132,2021,9.367,0.750,61.998,0.749,-0.182,0.795
Ethiopia,4.275,133,2021,7.694,0.764,59.000,0.752,0.082,0.761
Mauritania,4.227,134,2021,8.542,0.795,57.161,0.561,-0.106,0.731
Madagascar,4.208,135,2021,7.396,0.686,59.305,0.552,-0.005,0.803
Togo,4.107,136,2021,7.362,0.569,54.914,0.619,0.032,0.772
Zambia,4.073,137,2021,8.145,0.708,55.809,0.782,0.061,0.823
Sierra Leone,3.849,138,2021,7.434,0.630,51.651,0.717,0.084,0.866
India,3.819,139,2021,8.755,0.603,60.633,0.893,0.089,0.774
Burundi,3.775,140,2021,6.635,0.490,53.400,0.626,-0.024,0.607
Yemen,3.658,141,2021,7.578,0.832,57.122,0.602,-0.147,0.800
Tanzania,3.623,142,2021,7.876,0.702,57.999,0.833,0.183,0.577
Haiti,3.615,143,2021,7.477,0.540,55.700,0.593,0.422,0.721
Malawi,3.600,144,2021,6.958,0.537,57.948,0.780,0.038,0.729
Lesotho,3.512,145,2021,7.926,0.787,48.700,0.715,-0.131,0.915
Botswana,3.467,146,2021,9.782,0.784,59.269,0.824,-0.246,0.801
Rwanda,3.415,147,2021,7.676,0.552,61.400,0.897,0.061,0.167
Zimbabwe,3.145,148,2021,7.943,0.750,56.201,0.677,-0.047,0.821
Afghanistan,2.523,149,2021,7.695,0.463,52.493,0.382,-0.102,0.924
